Date,Temperature
2020-01-01,20.993428306022466
2020-01-02,19.897433112780877
2020-01-03,21.643249499558642
2020-01-04,23.567740845743288
2020-01-05,20.227030132836123
2020-01-06,20.400514841300602
2020-01-07,24.200411526878526
2020-01-08,22.74974698225364
2020-01-09,20.448464177781943
2020-01-10,22.644661675898835
2020-01-11,20.804377591838843
2020-01-12,20.970917280505823
2020-01-13,22.556907384597054
2020-01-14,18.41642063706975
2020-01-15,18.962486144942027
2020-01-16,21.456380196153418
2020-01-17,20.7231697917106
2020-01-18,23.54439760459993
2020-01-19,21.266070859688657
2020-01-20,20.42282413198615
2020-01-21,26.34308960508223
2020-01-22,23.123599845653533
2020-01-23,23.872521216710368
2020-01-24,21.049185222001846
2020-01-25,22.969990128566955
2020-01-26,24.439485044665382
2020-01-27,22.073300763347092
2020-01-28,25.283049600347734
2020-01-29,23.485413629008082
2020-01-30,24.256967354953417
2020-01-31,23.78918688408796
2020-02-01,28.847938568050804
2020-02-02,25.265662538256414
2020-02-03,23.324958925112877
2020-02-04,27.231600177089156
2020-02-05,23.289315637740614
2020-02-06,26.291543452883904
2020-02-07,22.095568303749364
2020-02-08,23.49786643882058
2020-02-09,26.685487945178
2020-02-10,27.904382311488575
2020-02-11,26.903986468890633
2020-02-12,26.461832067372075
2020-02-13,26.220839400441555
2020-02-14,23.993922448357388
2020-02-15,25.63716176414753
2020-02-16,26.279383744883543
2020-02-17,29.43660805294723
2020-02-18,28.129158179891952
2020-02-19,24.033220090920157
2020-02-20,28.322633701820187
2020-02-21,27.017219539816615
2020-02-22,26.544178495470607
2020-02-23,29.229701284189183
2020-02-24,30.174330219243238
2020-02-25,30.07849927437548
2020-02-26,26.638707086213234
2020-02-27,27.79748626515492
2020-02-28,29.174743825916075
2020-02-29,30.557122229849064
2020-03-01,27.738980320961417
2020-03-02,28.4147629614272
2020-03-03,26.65959262445414
2020-03-04,26.56343552586096
2020-03-05,30.661866937537447
2020-03-06,31.827618735382543
2020-03-07,29.046776020149053
2020-03-08,31.270831966485648
2020-03-09,30.057299369674777
2020-03-10,28.111319922559783
2020-03-11,30.18913424878904
2020-03-12,32.604432615458755
2020-03-13,29.515938852724283
2020-03-14,32.773307684817205
2020-03-15,24.458141421542127
2020-03-16,31.392214364840914
2020-03-17,29.970433183957248
2020-03-18,29.243392342080593
2020-03-19,30.067122082857367
2020-03-20,25.94776971748184
2020-03-21,29.519973212233026
2020-03-22,30.707043749301274
2020-03-23,32.97919110574465
2020-03-24,29.01452126021289
2020-03-25,28.458799787844498
2020-03-26,29.0940580347869
2020-03-27,31.947215403457292
2020-03-28,30.789801310547176
2020-03-29,29.08571131773272
2020-03-30,31.181740645899595
2020-03-31,30.35637393933594
2020-04-01,32.10355935283353
2020-04-02,28.76325052676342
2020-04-03,29.510156795213685
2020-04-04,29.376427284686567
2020-04-05,27.225816301055133
2020-04-06,30.734332313901202
2020-04-07,30.650494551162
2020-04-08,30.12195445531921
2020-04-09,29.6229535761093
2020-04-10,27.238849774712527
2020-04-11,29.202834364162428
2020-04-12,29.33030815036603
2020-04-13,28.379882195196302
2020-04-14,29.627662053741208
2020-04-15,30.72123980423413
2020-04-16,33.64553391054105
2020-04-17,30.179473542749406
2020-04-18,30.299719536327633
2020-04-19,29.587186873346162
2020-04-20,25.84717026166257
2020-04-21,29.577508728709613
2020-04-22,29.694027082105105
2020-04-23,34.440304888184
2020-04-24,29.066594798767227
2020-04-25,29.9891686052246
2020-04-26,29.248688575060015
2020-04-27,26.910095915101017
2020-04-28,31.459760657037265
2020-04-29,30.601989565891515
2020-04-30,30.601564361609388
2020-05-01,27.119494858856577
2020-05-02,31.660044637289047
2020-05-03,25.96438246039634
2020-05-04,29.852895803178708
2020-05-05,32.96868524141876
2020-05-06,26.512816686155052
2020-05-07,27.264960557995845
2020-05-08,28.49810584969186
2020-05-09,27.19070913946579
2020-05-10,24.992831652091812
2020-05-11,28.12545448028429
2020-05-12,25.755594971019946
2020-05-13,28.716997560722074
2020-05-14,25.818344217714877
2020-05-15,30.64224508216138
2020-05-16,25.85889143691347
2020-05-17,26.662170107051654
2020-05-18,28.81213189556524
2020-05-19,24.600118807423275
2020-05-20,27.391500010429517
2020-05-21,29.42361873330653
2020-05-22,23.465178469458905
2020-05-23,26.918321822803573
2020-05-24,26.93586570147564
2020-05-25,27.844968642714264
2020-05-26,23.67086152164389
2020-05-27,23.36554802691491
2020-05-28,26.910342482940678
2020-05-29,26.318768613042902
2020-05-30,26.082509217046002
2020-05-31,26.129571517452295
2020-06-01,23.930248033165494
2020-06-02,25.60694196083852
2020-06-03,25.579275672330514
2020-06-04,23.413727901591265
2020-06-05,28.42192882191878
2020-06-06,25.484689351208328
2020-06-07,21.99980085700503
2020-06-08,25.53968640065134
2020-06-09,22.12022088196892
2020-06-10,25.48563923873139
2020-06-11,26.069475162235854
2020-06-12,21.950709216620492
2020-06-13,25.357639852490422
2020-06-14,24.094335384816315
2020-06-15,24.749900563754448
2020-06-16,26.73554253792617
2020-06-17,22.286575371706725
2020-06-18,21.10454232605915
2020-06-19,20.666966401179824
2020-06-20,20.64772258760269
2020-06-21,21.957904851590122
2020-06-22,22.626644645746065
2020-06-23,22.329472288151294
2020-06-24,23.261775146455264
2020-06-25,21.46434888239507
2020-06-26,24.176018833473826
2020-06-27,20.56996246041082
2020-06-28,26.36971059495417
2020-06-29,22.010624667257222
2020-06-30,18.874765084685563
2020-07-01,18.27700892157636
2020-07-02,21.21342696397609
2020-07-03,19.631270283018473
2020-07-04,21.33598706764528
2020-07-05,20.684379038560458
2020-07-06,19.422342098987823
2020-07-07,17.704737935892293
2020-07-08,16.199236503177325
2020-07-09,18.166837498671047
2020-07-10,20.603982950343998
2020-07-11,19.15112284333594
2020-07-12,16.063690223345994
2020-07-13,18.734294745357097
2020-07-14,18.991915550215108
2020-07-15,16.28754652401191
2020-07-16,18.197374659366893
2020-07-17,17.84173691546202
2020-07-18,15.275555211761583
2020-07-19,18.114077240941555
2020-07-20,18.357957509922993
2020-07-21,19.24130468421494
2020-07-22,19.022596151037064
2020-07-23,14.000467284027629
2020-07-24,14.722041748934496
2020-07-25,17.470767402221945
2020-07-26,17.31244010160239
2020-07-27,17.16034791441564
2020-07-28,23.682359232868475
2020-07-29,16.966626334930627
2020-07-30,17.945276605816346
2020-07-31,17.432845011658188
2020-08-01,16.679761077477426
2020-08-02,14.600062463449264
2020-08-03,16.603690975820584
2020-08-04,13.39682635553663
2020-08-05,14.327179486001402
2020-08-06,13.69008770244663
2020-08-07,14.686261386560892
2020-08-08,19.01527028537567
2020-08-09,10.516645553026002
2020-08-10,15.490742326198362
2020-08-11,10.761699370227637
2020-08-12,12.914079094867759
2020-08-13,15.908597103901778
2020-08-14,13.733988649088042
2020-08-15,11.326689034503794
2020-08-16,11.930375493205363
2020-08-17,14.601073527471712
2020-08-18,11.664166515627723
2020-08-19,13.443000544169765
2020-08-20,12.988607031544218
2020-08-21,11.483872957504508
2020-08-22,16.96683569916672
2020-08-23,13.840955581600248
2020-08-24,8.419330430174902
2020-08-25,12.741381561210577
2020-08-26,10.946147104450137
2020-08-27,13.878253384364324
2020-08-28,10.494460584524102
2020-08-29,11.758621552676336
2020-08-30,12.909166023168313
2020-08-31,13.544330424111696
2020-09-01,9.328413468630698
2020-09-02,10.978773111983113
2020-09-03,10.619261928348424
2020-09-04,10.186502558033652
2020-09-05,14.950732541410417
2020-09-06,12.15912735863971
2020-09-07,8.759434221960838
2020-09-08,13.051683216968382
2020-09-09,15.397767782000134
2020-09-10,13.158639910067542
2020-09-11,7.997999639672227
2020-09-12,10.01409521319514
2020-09-13,13.465019644683048
2020-09-14,9.467318365068634
2020-09-15,11.72459699039503
2020-09-16,12.34338204992699
2020-09-17,8.900277017427081
2020-09-18,10.597991861991472
2020-09-19,4.200304637410611
2020-09-20,8.602763585100153
2020-09-21,10.118014738708832
2020-09-22,8.102118428445253
2020-09-23,13.839970816191979
2020-09-24,7.695265753232746
2020-09-25,9.65880307099211
2020-09-26,10.786665445988435
2020-09-27,13.39697643200116
2020-09-28,7.634908157878537
2020-09-29,12.828122467088999
2020-09-30,10.520385458709345
2020-10-01,8.537989377324646
2020-10-02,11.42926415907498
2020-10-03,10.910189662662354
2020-10-04,9.321610571603914
2020-10-05,10.67458112994053
2020-10-06,9.780237689411637
2020-10-07,10.796738619734821
2020-10-08,11.915750406599516
2020-10-09,13.788247986718817
2020-10-10,8.168242037272982
2020-10-11,14.940524194223055
2020-10-12,6.803783464235245
2020-10-13,10.440798314433511
2020-10-14,11.96030993437109
2020-10-15,11.387852743646038
2020-10-16,9.625537964066202
2020-10-17,10.502622194383283
2020-10-18,9.983642552149018
2020-10-19,9.844526164110679
2020-10-20,12.778889314286163
2020-10-21,11.852947540591579
2020-10-22,9.815113822894778
2020-10-23,13.064916370284772
2020-10-24,11.947847773362009
2020-10-25,13.029234118164622
2020-10-26,12.735737471725798
2020-10-27,9.894147351103259
2020-10-28,10.510098678045308
2020-10-29,13.20601448741252
2020-10-30,13.015754009589033
2020-10-31,11.839391948505165
2020-11-01,12.204602021153867
2020-11-02,14.616573867160803
2020-11-03,10.971916310407689
2020-11-04,13.345559796671028
2020-11-05,11.945748613661998
2020-11-06,12.01597460859078
2020-11-07,14.75249858091134
2020-11-08,14.311760042656916
2020-11-09,14.396272827107044
2020-11-10,15.490849564847705
2020-11-11,13.03481797142322
2020-11-12,14.471881592132604
2020-11-13,12.604820937246357
2020-11-14,13.993245155655785
2020-11-15,13.206328655649807
2020-11-16,13.784417800236788
2020-11-17,14.906623672969877
2020-11-18,12.20778789310122
2020-11-19,18.158921970410653
2020-11-20,12.093991381678203
2020-11-21,11.811449674115082
2020-11-22,16.691732324748678
2020-11-23,16.09636290249673
2020-11-24,15.90060713378369
2020-11-25,16.050150806842463
2020-11-26,14.911779567811806
2020-11-27,13.286256955333853
2020-11-28,15.378504384551078
2020-11-29,14.020295640431794
2020-11-30,17.474133318990877
2020-12-01,15.380561179637265
2020-12-02,14.175926803063312
2020-12-03,15.337813359036616
2020-12-04,16.96148539608316
2020-12-05,15.164539027388647
2020-12-06,14.80519539480978
2020-12-07,17.0958948965548
2020-12-08,17.258527598976983
2020-12-09,15.915924893111521
2020-12-10,16.15004699332504
2020-12-11,17.71958385866445
2020-12-12,14.52367583353691
2020-12-13,14.770229491704104
2020-12-14,16.314484669274037
2020-12-15,17.491549715385162
2020-12-16,18.708135927748938
2020-12-17,21.20566667511931
2020-12-18,20.13961417120698
2020-12-19,18.27441614979646
2020-12-20,18.726866847736588
2020-12-21,16.93100434444891
2020-12-22,19.070708190476616
2020-12-23,18.702545823696177
2020-12-24,20.097835647916654
2020-12-25,17.970828268219904
2020-12-26,20.83718032447168
2020-12-27,23.03741699491065
2020-12-28,19.928074621347342
2020-12-29,21.122827072028926
2020-12-30,21.873602319487272
2020-12-31,19.864835107416635
2021-01-01,21.289422729932372
2021-01-02,21.04033327610915
2021-01-03,21.38430938121319
2021-01-04,19.81659336576017
2021-01-05,21.585085154905144
2021-01-06,22.70525852954295
2021-01-07,24.7844407907262
2021-01-08,23.973230653010557
2021-01-09,26.53318255493832
2021-01-10,20.86379390287597
2021-01-11,24.314294112275995
2021-01-12,23.106942904129983
2021-01-13,27.289863044008992
2021-01-14,21.463001290446083
2021-01-15,21.568787621462107
2021-01-16,22.217322792679692
2021-01-17,19.335387541978065
2021-01-18,22.69788501855785
2021-01-19,22.396442262737633
2021-01-20,24.379855691379845
2021-01-21,24.92594044936922
2021-01-22,28.157082536954597
2021-01-23,26.466805321989156
2021-01-24,23.572224317480817
2021-01-25,23.08808657373724
2021-01-26,26.02640231239301
2021-01-27,22.558463200803402
2021-01-28,29.0168845917427
2021-01-29,27.866511147170836
2021-01-30,24.721524855525644
2021-01-31,22.38438919203947
2021-02-01,28.667677787251407
2021-02-02,25.878577143707737
2021-02-03,28.729419028017993
2021-02-04,23.209423671282217
2021-02-05,25.342342268155136
2021-02-06,26.692672002133584
2021-02-07,26.915475775335214
2021-02-08,26.05891058166957
2021-02-09,28.34042506738104
2021-02-10,25.0932850989338
2021-02-11,27.07564571329427
2021-02-12,27.73091410623223
2021-02-13,28.64712014839805
2021-02-14,29.167355988303022
2021-02-15,25.618653154315684
2021-02-16,24.92141131022645
2021-02-17,30.664551295740345
2021-02-18,28.8912044767931
2021-02-19,26.84476874110579
2021-02-20,31.556964102882596
2021-02-21,28.796647815856538
2021-02-22,31.032219125823403
2021-02-23,28.91464418825985
2021-02-24,33.00471093709535
2021-02-25,32.49509986873321
2021-02-26,28.585258771087503
2021-02-27,31.122634916205953
2021-02-28,30.564059925962944
2021-03-01,32.101867962905
2021-03-02,27.523510044782924
2021-03-03,30.911641543651378
2021-03-04,31.739973798909773
2021-03-05,26.186612371091122
2021-03-06,27.41589770409765
2021-03-07,25.779607958977824
2021-03-08,29.392228553000784
2021-03-09,31.436387882359732
2021-03-10,33.07354958715038
2021-03-11,30.281808649800066
2021-03-12,33.4528666248577
2021-03-13,27.4946640657027
2021-03-14,26.904531545667187
2021-03-15,30.253812283116677
2021-03-16,31.18381630515738
2021-03-17,30.398225602481023
2021-03-18,26.373798894120878
2021-03-19,30.37263650194908
2021-03-20,27.981244596862222
2021-03-21,31.965938136756424
2021-03-22,31.393291149659774
2021-03-23,28.810919494795204
2021-03-24,29.690603913275098
2021-03-25,28.624636001041274
2021-03-26,30.63948997859793
2021-03-27,32.69397186024392
2021-03-28,28.82812304974502
2021-03-29,31.82060080749078
2021-03-30,29.761966594116306
2021-03-31,29.24374922730347
2021-04-01,30.619484703046936
2021-04-02,28.76414812086768
2021-04-03,29.72545852890316
2021-04-04,28.432163856961488
2021-04-05,34.74957251434045
2021-04-06,30.879894914903804
2021-04-07,29.396209042005353
2021-04-08,31.206963414691035
2021-04-09,30.534747794666234
2021-04-10,30.294928110935203
2021-04-11,31.939734460968296
2021-04-12,32.19802865470248
2021-04-13,29.59071048960679
2021-04-14,29.46587304697217
2021-04-15,30.030310747490066
2021-04-16,25.936595829837113
2021-04-17,27.467211843876928
2021-04-18,33.18564334095945
2021-04-19,33.693290183069365
2021-04-20,29.8539166643362
2021-04-21,31.450926456907883
2021-04-22,30.863343022498427
2021-04-23,36.33885833131221
2021-04-24,32.35774260238693
2021-04-25,29.797514788784145
2021-04-26,28.074307284457944
2021-04-27,26.701835401013234
2021-04-28,30.248318350929974
2021-04-29,28.25269806113766
2021-04-30,26.84226909951624
2021-05-01,28.312400051149297
2021-05-02,27.358636059376355
2021-05-03,32.80964390731433
2021-05-04,31.10973718066537
2021-05-05,29.239104758353864
2021-05-06,32.12105366538478
2021-05-07,29.21956868368493
2021-05-08,27.243510768048345
2021-05-09,31.9111846534258
2021-05-10,29.839254652781694
2021-05-11,26.58111227320763
2021-05-12,28.166801093493238
2021-05-13,26.6858522438705
2021-05-14,25.558869275442117
2021-05-15,30.062007418377895
2021-05-16,31.911507353714512
2021-05-17,25.176434043013014
2021-05-18,28.978311985395337
2021-05-19,26.42783835323583
2021-05-20,26.62960542488017
2021-05-21,26.291821427452227
2021-05-22,25.619439450410027
2021-05-23,27.313373412816926
2021-05-24,25.42147593134503
2021-05-25,27.48951260190762
2021-05-26,26.71156277569008
2021-05-27,26.195841210538955
2021-05-28,24.718608078811986
2021-05-29,25.238532656628163
2021-05-30,27.75958201919407
2021-05-31,27.105785524895417
2021-06-01,24.00246303791367
2021-06-02,26.00837522856327
2021-06-03,27.163181023665025
2021-06-04,22.17089622658957
2021-06-05,26.444376235577437
2021-06-06,23.87905204268137
2021-06-07,26.190881239784943
2021-06-08,23.36733692148695
2021-06-09,21.12709607228283
2021-06-10,21.323661206668458
2021-06-11,24.515729948732105
2021-06-12,24.77879490795518
2021-06-13,22.28953039498127
2021-06-14,25.213234499686358
2021-06-15,20.450016170415857
2021-06-16,23.477073026511952
2021-06-17,21.022595255375865
2021-06-18,21.975618490358116
2021-06-19,23.208068654251985
2021-06-20,21.22579247815398
2021-06-21,22.01027323314698
2021-06-22,24.624202365729957
2021-06-23,21.289583001633247
2021-06-24,23.946068923701795
2021-06-25,19.84620744051232
2021-06-26,22.995835086178072
2021-06-27,24.649689419390832
2021-06-28,16.653359312708652
2021-06-29,19.832775511974564
2021-06-30,22.410500503067503
2021-07-01,20.6799791968009
2021-07-02,21.65804993142064
2021-07-03,19.537501531426837
2021-07-04,20.74844170559519
2021-07-05,20.093825369817512
2021-07-06,22.57084009880949
2021-07-07,20.574443109819846
2021-07-08,20.57141232788776
2021-07-09,18.903389521748448
2021-07-10,18.583248964740356
2021-07-11,18.525095030624588
2021-07-12,20.01134811671487
2021-07-13,18.2132399832025
2021-07-14,19.468106555738554
2021-07-15,22.87333904489335
2021-07-16,20.29944990552753
2021-07-17,17.740548465422634
2021-07-18,20.63119970293902
2021-07-19,17.249627825390192
2021-07-20,13.827415438019113
2021-07-21,15.726305627217883
2021-07-22,13.840684256103852
2021-07-23,16.720055103047507
2021-07-24,17.30180463833214
2021-07-25,20.46084754354349
2021-07-26,17.605998998494588
2021-07-27,16.35932753537413
2021-07-28,18.30298346511432
2021-07-29,12.069850746716835
2021-07-30,16.812650492860577
2021-07-31,17.73384792363402
2021-08-01,13.08708213449445
2021-08-02,18.185385090332108
2021-08-03,16.430021401011178
2021-08-04,14.779177007998474
2021-08-05,16.733656482882292
2021-08-06,19.869476564901923
2021-08-07,15.553521669093541
2021-08-08,15.549670375817634
2021-08-09,13.999730190317324
2021-08-10,13.08580925770805
2021-08-11,16.315078796883725
2021-08-12,12.8130512258172
2021-08-13,14.541104435594129
2021-08-14,13.317389768555184
2021-08-15,15.107414293043481
2021-08-16,14.69558317348749
2021-08-17,15.984233969306455
2021-08-18,12.772143032540814
2021-08-19,13.137609545607372
2021-08-20,11.607211971360279
2021-08-21,12.565763183752226
2021-08-22,14.100824557794066
2021-08-23,14.754370821443231
2021-08-24,11.292561006323167
2021-08-25,14.774960823071352
2021-08-26,15.64827180278511
2021-08-27,13.667532572407579
2021-08-28,16.500369737693937
2021-08-29,11.1077920885913
2021-08-30,10.077158109772867
2021-08-31,8.9226555891512
2021-09-01,15.388370956908913
2021-09-02,13.623782947561425
2021-09-03,12.125259260037726
2021-09-04,12.720374327009013
2021-09-05,9.836122017439765
2021-09-06,16.907943947139756
2021-09-07,12.206920545769682
2021-09-08,12.102024963256916
2021-09-09,13.272264686960552
2021-09-10,12.723003903626976
2021-09-11,12.151783671326815
2021-09-12,10.06889049922532
2021-09-13,12.5414101117701
2021-09-14,15.313982340444566
2021-09-15,14.195074277600826
2021-09-16,14.647763247535408
2021-09-17,10.398982658909176
2021-09-18,9.405108984786214
2021-09-19,11.09854152853776
2021-09-20,11.430264743534426
2021-09-21,13.478810129625346
2021-09-22,7.880031584133613
2021-09-23,14.301524898438235
2021-09-24,10.906808763184332
2021-09-25,10.352405955679538
2021-09-26,9.168251592084216
2021-09-27,7.871992561325693
2021-09-28,12.820249679349542
2021-09-29,11.315706948344186
2021-09-30,8.587273588376362
2021-10-01,8.578125186481616
2021-10-02,10.500763863156486
2021-10-03,14.5173893732825
2021-10-04,10.670137674382595
2021-10-05,8.19596710491258
2021-10-06,10.726654806151567
2021-10-07,10.691532840925285
2021-10-08,5.864991822862577
2021-10-09,11.174900672580792
2021-10-10,10.849280025697622
2021-10-11,12.73414622572566
2021-10-12,15.073147304359239
2021-10-13,13.664774614788488
2021-10-14,10.913174191480572
2021-10-15,9.28009324188093
2021-10-16,16.684932661395415
2021-10-17,11.704579614315104
2021-10-18,11.664779056480873
2021-10-19,11.642281554967393
2021-10-20,12.14313069296812
2021-10-21,11.517471796001892
2021-10-22,10.720885050843906
2021-10-23,10.839274788125792
2021-10-24,11.93501824236509
2021-10-25,10.98393638940746
2021-10-26,10.718064273712551
2021-10-27,12.432273879519498
2021-10-28,11.787782374785841
2021-10-29,15.386689305519665
2021-10-30,7.160349913124385
2021-10-31,14.731484891466689
2021-11-01,15.12939369071986
2021-11-02,8.581739661955949
2021-11-03,12.136959951106954
2021-11-04,12.175759353527669
2021-11-05,10.202386580282441
2021-11-06,11.562979691051773
2021-11-07,11.001069237193605
2021-11-08,16.832744282716398
2021-11-09,15.307886392588989
2021-11-10,16.09027819171567
2021-11-11,15.103430467432473
2021-11-12,11.517148158296509
2021-11-13,12.843589969062013
2021-11-14,14.990937624323037
2021-11-15,11.689635197789581
2021-11-16,15.68369878178442
2021-11-17,13.902934876968082
2021-11-18,13.76186369565727
2021-11-19,16.063343406635013
2021-11-20,15.661828818837975
2021-11-21,14.185170619240683
2021-11-22,17.361446235665337
2021-11-23,13.01818691055935
2021-11-24,16.5515147647562
2021-11-25,16.646938355438973
2021-11-26,14.98445628606595
2021-11-27,16.400307793978044
2021-11-28,13.391944166581323
2021-11-29,17.889949153058122
2021-11-30,15.82136563045768
2021-12-01,15.296505952791744
2021-12-02,18.592215699510415
2021-12-03,15.239173712445387
2021-12-04,13.985975945993088
2021-12-05,13.84600583713707
2021-12-06,18.328932139822225
2021-12-07,14.714937819766718
2021-12-08,20.945458871916564
2021-12-09,13.433228479274643
2021-12-10,21.15231239233007
2021-12-11,18.34479496954271
2021-12-12,17.893694343979067
2021-12-13,17.162594918027622
2021-12-14,19.21692139167136
2021-12-15,18.51045066514745
2021-12-16,20.960200611774287
2021-12-17,19.150685589732582
2021-12-18,19.392174498915
2021-12-19,18.534344836483893
2021-12-20,19.31828406728813
2021-12-21,20.218942662696943
2021-12-22,16.354673728336433
2021-12-23,17.250768308513315
2021-12-24,21.6062027664742
2021-12-25,20.63429708276873
2021-12-26,20.097796674472264
2021-12-27,20.67608308622459
2021-12-28,21.5080343801727
2021-12-29,19.90716031840061
2021-12-30,19.60398093644871
2021-12-31,21.726242612571976
2022-01-01,19.55176826226977
2022-01-02,22.498930037162786
2022-01-03,18.451066026828133
2022-01-04,24.088200259310696
2022-01-05,23.14853582240165
2022-01-06,22.888597466868077
2022-01-07,24.51481159421546
2022-01-08,26.0529139409536
2022-01-09,24.92283382113977
2022-01-10,19.384016617177075
2022-01-11,20.67777495655154
2022-01-12,22.157897788450228
2022-01-13,23.62971532918361
2022-01-14,24.78219195328293
2022-01-15,22.464019730705033
2022-01-16,24.4569176637102
2022-01-17,22.739689177079327
2022-01-18,23.19363550712379
2022-01-19,21.76866144333689
2022-01-20,22.89987767739391
2022-01-21,22.206335337770525
2022-01-22,23.120270403756454
2022-01-23,27.340517290021037
2022-01-24,23.494509902330023
2022-01-25,30.816956097297023
2022-01-26,26.696475822330072
2022-01-27,26.23587791342273
2022-01-28,24.304527550859852
2022-01-29,27.57552671573455
2022-01-30,25.175876558447804
2022-01-31,26.72195393070024
2022-02-01,31.74737816664646
2022-02-02,26.582813085951972
2022-02-03,29.21960910783072
2022-02-04,25.65920218980747
2022-02-05,27.138391384257048
2022-02-06,30.891061925156542
2022-02-07,26.234856523418493
2022-02-08,31.251214691810194
2022-02-09,29.17750512478531
2022-02-10,26.770868457098757
2022-02-11,29.292496212636205
2022-02-12,30.102707793250172
2022-02-13,29.529138455903244
2022-02-14,25.270952843532633
2022-02-15,27.080939037529983
2022-02-16,28.16187843178298
2022-02-17,28.627606844931538
2022-02-18,30.135196699123583
2022-02-19,29.364419867273703
2022-02-20,26.451247485605652
2022-02-21,29.99297030047105
2022-02-22,30.562072299451685
2022-02-23,30.56646417249001
2022-02-24,31.712052589628925
2022-02-25,31.319538544132918
2022-02-26,30.668823277690816
2022-02-27,29.706437642568247
2022-02-28,26.618662210948962
2022-03-01,30.891117337293764
2022-03-02,30.536008391457646
2022-03-03,30.749972349233545
2022-03-04,27.736903724758278
2022-03-05,28.20925431430912
2022-03-06,32.555996487283295
2022-03-07,30.44623805797301
2022-03-08,31.96131966782345
2022-03-09,30.725216174217024
2022-03-10,30.795623813138114
2022-03-11,32.67746275210081
2022-03-12,29.830822128468665
2022-03-13,31.114384587202746
2022-03-14,30.054021898155714
2022-03-15,30.163191277233587
2022-03-16,30.46461721152978
2022-03-17,31.575158693124926
2022-03-18,30.218461902061975
2022-03-19,33.72966488331
2022-03-20,29.468245044621217
2022-03-21,30.920125801961927
2022-03-22,30.447908592106028
2022-03-23,34.25191088734569
2022-03-24,31.778723352159933
2022-03-25,33.47402817494475
2022-03-26,28.46100347825863
2022-03-27,31.98506380216826
2022-03-28,33.246112784851285
2022-03-29,31.644351806194244
2022-03-30,33.62071863218019
2022-03-31,30.462194042815714
2022-04-01,34.319516354515514
2022-04-02,36.099705064133225
2022-04-03,30.774356069906503
2022-04-04,30.604190650525936
2022-04-05,34.39416725393137
2022-04-06,34.63578815361007
2022-04-07,30.417216054872284
2022-04-08,30.60590601021918
2022-04-09,30.863110727515178
2022-04-10,28.7152423391214
2022-04-11,29.541373219101356
2022-04-12,29.34200775229203
2022-04-13,29.78339370580789
2022-04-14,31.21541580467626
2022-04-15,31.716119658054698
2022-04-16,34.30871519612473
2022-04-17,29.16816193798475
2022-04-18,33.08781565421187
2022-04-19,30.64265311880408
2022-04-20,30.920337375332387
2022-04-21,32.314727566317856
2022-04-22,28.662674721475064
2022-04-23,31.61319225795813
2022-04-24,31.11877324713218
2022-04-25,31.705528550950273
2022-04-26,31.231001504662743
2022-04-27,35.492604372538466
2022-04-28,29.233187161881187
2022-04-29,29.370681692890933
2022-04-30,29.107771517050367
2022-05-01,29.16186763250214
2022-05-02,28.914233863180414
2022-05-03,32.48066975057261
2022-05-04,32.85474221393447
2022-05-05,28.780833504676448
2022-05-06,28.16373029258457
2022-05-07,30.674939232350802
2022-05-08,28.528909133331233
2022-05-09,30.79807618558581
2022-05-10,29.834556658303274
2022-05-11,26.29139240305438
2022-05-12,32.30976490350888
2022-05-13,32.69612014801936
2022-05-14,27.76616740759032
2022-05-15,28.101525254630936
2022-05-16,29.33168090541236
2022-05-17,29.30975882181366
2022-05-18,29.836738108548175
2022-05-19,32.416808620200484
2022-05-20,27.917237788609768
2022-05-21,26.54729083804138
2022-05-22,25.25605858492892
2022-05-23,26.42174612823172
2022-05-24,27.684398269607815
2022-05-25,31.204990728571836
2022-05-26,26.444092447704293
2022-05-27,27.78858925873786
2022-05-28,27.168165661937994
2022-05-29,29.43613791584931
2022-05-30,31.969940470478086
2022-05-31,25.709489654994297
2022-06-01,25.64597069366263
2022-06-02,28.565308423031283
2022-06-03,27.691465807362373
2022-06-04,29.870397491492675
2022-06-05,27.192788272657797
2022-06-06,25.152991430187228
2022-06-07,26.898269615171543
2022-06-08,27.7785384469261
2022-06-09,27.045100687194896
2022-06-10,26.260570195837676
2022-06-11,27.220185485775957
2022-06-12,27.265217136591865
2022-06-13,27.529757678453443
2022-06-14,25.900745408499198
2022-06-15,24.10609618550837
2022-06-16,24.56993604786154
2022-06-17,26.524921639105777
2022-06-18,22.31269541517626
2022-06-19,24.51789398055328
2022-06-20,22.82721763525546
2022-06-21,23.50415001866456
2022-06-22,25.835796523703976
2022-06-23,23.492840927907675
2022-06-24,23.034833847072125
2022-06-25,20.053184919056015
2022-06-26,24.096009913590247
2022-06-27,23.724796591545502
2022-06-28,26.590433810762438
2022-06-29,21.478285604197815
2022-06-30,22.361932955222624
2022-07-01,22.252113387496717
2022-07-02,24.737940795393257
2022-07-03,21.22215689127286
2022-07-04,21.80058123337839
2022-07-05,22.28824891122307
2022-07-06,21.27577027299088
2022-07-07,19.840010245304647
2022-07-08,20.95166304072227
2022-07-09,22.541683004901223
2022-07-10,18.172706865251527
2022-07-11,20.323426805745882
2022-07-12,18.48947825326823
2022-07-13,22.11257825388101
2022-07-14,16.509459083566487
2022-07-15,18.2719698042476
2022-07-16,19.97890029998149
2022-07-17,22.1909196394153
2022-07-18,18.764547387653458
2022-07-19,17.622655569235206
2022-07-20,22.333254698444286
2022-07-21,15.513726499408488
2022-07-22,13.851932236103684
2022-07-23,18.970387022425108
2022-07-24,16.92813548243612
2022-07-25,15.732783335919802
2022-07-26,19.03613319675329
2022-07-27,17.95240607172256
2022-07-28,16.183291092462166
2022-07-29,14.5987886185791
2022-07-30,18.753612084392035
2022-07-31,18.159795942965705
2022-08-01,16.51317894968367
2022-08-02,20.258427047201902
2022-08-03,14.280135104558362
2022-08-04,13.225978545138886
2022-08-05,14.751552662095518
2022-08-06,15.904194867770439
2022-08-07,16.343744108810238
2022-08-08,15.238033138692604
2022-08-09,16.28983883361471
2022-08-10,12.949695199445063
2022-08-11,18.209212423130055
2022-08-12,15.028192572038085
2022-08-13,17.299839675519898
2022-08-14,15.625431406029126
2022-08-15,15.730237131046579
2022-08-16,15.835069574566319
2022-08-17,15.4718472520136
2022-08-18,15.744897401173708
2022-08-19,17.002940527647276
2022-08-20,14.625057793516133
2022-08-21,15.539633270269778
2022-08-22,13.834028234318199
2022-08-23,16.787904070239765
2022-08-24,12.451383101748188
2022-08-25,17.304905899869976
2022-08-26,13.523956235074822
2022-08-27,10.646388612912382
2022-08-28,13.670262993587684
2022-08-29,11.960543223036964
2022-08-30,14.91503066556144
2022-08-31,11.842124179543266
2022-09-01,12.171191518689287
2022-09-02,9.203246224150547
2022-09-03,11.999092014548783
2022-09-04,7.979954472299769
2022-09-05,9.58657051625338
2022-09-06,14.204545351382992
2022-09-07,14.187354550309186
2022-09-08,13.40142654880536
2022-09-09,10.554055204093045
2022-09-10,12.33283877905789
2022-09-11,12.364086595775722
2022-09-12,10.000386082919166
2022-09-13,15.272546052220703
2022-09-14,13.971933979834136
2022-09-15,11.729581888819844
2022-09-16,12.182437723433981
2022-09-17,12.50545567885495
2022-09-18,7.968124939643097
2022-09-19,11.523036654884166
2022-09-20,10.622122474149736
2022-09-21,9.954463124081919
2022-09-22,11.37003630897964
2022-09-23,15.505073364404355
2022-09-24,13.171786334064628
2022-09-25,10.731086167197086
2022-09-26,13.004901956505169
2022-09-27,14.647692829417537
2022-09-28,13.69045192843955
2022-09-29,11.955607804996026
2022-09-30,10.540597883635625
2022-10-01,13.232005409024326
2022-10-02,12.626580083768541
2022-10-03,13.637008813947476
2022-10-04,13.126940031662041
2022-10-05,13.96863449297576
2022-10-06,10.814946562390618
2022-10-07,14.539044162877579
2022-10-08,12.321240369318819
2022-10-09,16.101288202055247
2022-10-10,10.600049501124145
2022-10-11,15.48093715361762
2022-10-12,12.438332732582147
2022-10-13,10.776084599652375
2022-10-14,11.15045595566989
2022-10-15,11.519726494163926
2022-10-16,13.053820998887828
2022-10-17,13.299089773545433
2022-10-18,11.156796515966125
2022-10-19,12.309098595853737
2022-10-20,16.698777939844433
2022-10-21,15.928555011239501
2022-10-22,13.408132455140743
2022-10-23,12.676275678131274
2022-10-24,12.907863487421913
2022-10-25,13.96509792832413
2022-10-26,10.765446759858364
2022-10-27,12.371936400477304
2022-10-28,9.627844713060663
2022-10-29,13.844425624753143
2022-10-30,14.423957460504173
2022-10-31,12.249374314211314
2022-11-01,16.452472883492966
2022-11-02,10.944264851955866
2022-11-03,10.56086143003632
2022-11-04,14.034820773827503
2022-11-05,15.778882626130681
2022-11-06,17.153744500337538
2022-11-07,12.97172845357568
2022-11-08,16.152841113920044
2022-11-09,14.026788718480951
2022-11-10,13.869189453033997
2022-11-11,16.094682265507654
2022-11-12,15.747173508746116
2022-11-13,11.40712223884137
2022-11-14,17.632545252507292
2022-11-15,17.561349575056674
2022-11-16,13.673852569608886
2022-11-17,15.842468791347455
2022-11-18,16.166841734510253
2022-11-19,15.830047053064154
2022-11-20,14.339967939363367
2022-11-21,14.23113226619104
2022-11-22,15.658954538142247
2022-11-23,18.193047655466174
2022-11-24,17.074119911244832
2022-11-25,15.386783226518304
2022-11-26,17.814222637178933
2022-11-27,10.718232559421967
2022-11-28,18.85897877128442
2022-11-29,13.2297436082764
2022-11-30,16.13356407172569
2022-12-01,14.769888255765832
2022-12-02,14.572110347583093
2022-12-03,19.636790719476245
2022-12-04,16.53477218728472
2022-12-05,18.319547998834626
2022-12-06,17.690347130560895
2022-12-07,18.897154230393806
2022-12-08,18.256790341256625
2022-12-09,15.69837889785321
2022-12-10,20.41920934583257
2022-12-11,17.602522920003146
2022-12-12,15.641232821588655
2022-12-13,18.063478820901977
2022-12-14,22.08744479542415
2022-12-15,20.953439605412445
2022-12-16,18.72356863011382
2022-12-17,18.890990934959945
2022-12-18,19.115576924744776
2022-12-19,24.082341279221584
2022-12-20,20.86332227038165
2022-12-21,21.130698470483278
2022-12-22,22.50285347290168
2022-12-23,21.09199352196608
2022-12-24,20.268866337975666
2022-12-25,20.567142559531188
2022-12-26,20.989836879537794
2022-12-27,21.2320467982624
2022-12-28,22.935406107911632
2022-12-29,21.757847501822244
2022-12-30,23.29314659287281
