income,age,loan_amount,loan_term,credit_score,employment_type,city_tier,default
698.75,38.0,1230.28,13.0,805.0,Salaried,1.0,1
356.72,53.0,517.9,24.0,742.0,Salaried,2.0,1
873.19,32.0,312.21,50.0,633.0,Self-Employed,2.0,1
960.27,30.0,1129.91,57.0,716.0,Salaried,3.0,0
226.2,34.0,972.3,40.0,698.0,Salaried,1.0,1
312.89,35.0,582.82,40.0,644.0,Salaried,2.0,0
639.6,28.0,246.24,39.0,733.0,Self-Employed,1.0,0
512.25,28.0,539.38,32.0,707.0,Salaried,1.0,1
594.98,30.0,780.85,29.0,695.0,Salaried,2.0,0
391.67,39.0,1207.99,40.0,677.0,Salaried,1.0,1
931.34,34.0,437.2,49.0,710.0,Salaried,3.0,1
885.21,36.0,770.42,28.0,696.0,Salaried,3.0,1
620.14,49.0,1036.3,37.0,684.0,Salaried,,1
1054.21,30.0,50.0,31.0,635.0,Salaried,3.0,1
758.0,57.0,1161.83,21.0,799.0,Salaried,2.0,1
390.44,51.0,386.14,21.0,606.0,Salaried,2.0,1
721.48,27.0,916.2,10.0,710.0,Self-Employed,3.0,1
371.48,33.0,886.34,30.0,658.0,Salaried,2.0,1
930.9,28.0,1179.61,45.0,803.0,Salaried,1.0,1
585.21,31.0,992.82,43.0,617.0,Salaried,1.0,1
547.03,35.0,50.0,60.0,629.0,Student,2.0,1
426.86,26.0,525.33,8.0,612.0,Salaried,3.0,1
1105.66,21.0,848.37,47.0,703.0,Salaried,2.0,1
555.39,38.0,731.76,49.0,584.0,Salaried,1.0,1
484.33,49.0,967.16,30.0,647.0,Salaried,1.0,1
503.14,33.0,1076.28,21.0,529.0,Salaried,3.0,1
782.96,55.0,1012.96,25.0,697.0,Salaried,1.0,1
720.29,35.0,725.0,43.0,645.0,Salaried,2.0,1
737.52,57.0,153.78,53.0,576.0,Salaried,2.0,1
744.22,30.0,640.58,41.0,756.0,Self-Employed,1.0,0
1750.67,42.0,945.73,34.0,588.0,Self-Employed,1.0,1
489.67,51.0,418.34,41.0,736.0,Salaried,1.0,1
464.43,23.0,1020.95,9.0,631.0,Student,1.0,1
399.43,58.0,1117.94,39.0,792.0,Self-Employed,2.0,1
816.41,35.0,844.4,8.0,732.0,Self-Employed,3.0,1
1055.13,40.0,50.0,58.0,609.0,Self-Employed,1.0,1
566.77,46.0,352.67,54.0,616.0,Salaried,2.0,1
394.2,46.0,1460.17,33.0,722.0,Salaried,1.0,1
397.3,21.0,608.71,26.0,662.0,Salaried,1.0,1
830.66,55.0,105.55,46.0,668.0,Salaried,2.0,0
870.06,45.0,1232.34,41.0,769.0,Salaried,2.0,1
787.22,60.0,804.67,44.0,628.0,Salaried,2.0,1
430.17,39.0,1186.73,34.0,686.0,Salaried,1.0,1
673.85,45.0,896.94,18.0,747.0,Student,2.0,1
636.05,38.0,960.5,10.0,737.0,Self-Employed,2.0,1
669.33,56.0,927.05,21.0,669.0,Salaried,3.0,0
927.64,54.0,1044.12,35.0,660.0,Salaried,2.0,1
670.97,57.0,1597.1,29.0,558.0,Salaried,3.0,1
842.51,41.0,1139.85,33.0,606.0,Self-Employed,1.0,1
620.62,52.0,246.88,21.0,702.0,Self-Employed,2.0,1
693.32,35.0,956.33,57.0,670.0,Salaried,2.0,1
822.69,39.0,1199.52,26.0,685.0,Salaried,1.0,1
289.56,51.0,1220.95,52.0,753.0,Salaried,2.0,1
511.37,24.0,650.69,27.0,597.0,Self-Employed,2.0,1
474.25,49.0,1207.73,30.0,663.0,Student,3.0,1
435.93,21.0,1124.71,39.0,693.0,Salaried,1.0,1
522.88,44.0,1700.38,20.0,631.0,Salaried,3.0,1
1266.99,40.0,537.5,18.0,780.0,Salaried,2.0,1
389.17,39.0,622.41,26.0,744.0,Salaried,2.0,0
973.67,40.0,692.86,50.0,700.0,Student,2.0,0
258.65,40.0,628.42,13.0,806.0,Self-Employed,1.0,1
507.5,37.0,488.49,30.0,575.0,Salaried,3.0,1
650.87,39.0,50.0,42.0,679.0,Salaried,3.0,0
804.36,43.0,647.86,44.0,706.0,Salaried,3.0,1
856.23,51.0,929.28,29.0,616.0,Salaried,3.0,1
892.12,43.0,627.37,10.0,701.0,Salaried,2.0,1
504.0,46.0,1477.38,6.0,603.0,Self-Employed,2.0,1
476.16,54.0,804.68,31.0,728.0,Self-Employed,3.0,0
921.42,60.0,1251.86,50.0,754.0,Salaried,,0
545.27,25.0,891.5,7.0,699.0,Self-Employed,3.0,0
317.06,49.0,1089.24,54.0,550.0,,2.0,1
340.46,30.0,897.73,43.0,612.0,Salaried,2.0,1
378.87,28.0,1279.07,6.0,,Salaried,1.0,1
769.32,52.0,819.58,24.0,681.0,Salaried,1.0,1
644.29,23.0,973.64,18.0,491.0,Self-Employed,1.0,1
847.4,54.0,928.22,58.0,767.0,Salaried,2.0,1
484.59,51.0,699.1,36.0,690.0,Salaried,2.0,1
649.5,60.0,941.74,23.0,623.0,Salaried,1.0,1
820.34,47.0,1582.04,21.0,750.0,Salaried,1.0,1
514.02,55.0,705.36,37.0,633.0,Salaried,2.0,1
753.94,25.0,946.81,6.0,632.0,Self-Employed,1.0,1
430.94,56.0,1240.22,20.0,705.0,Salaried,3.0,1
500.4,27.0,1199.09,15.0,805.0,Salaried,1.0,1
495.74,33.0,804.1,40.0,794.0,Student,2.0,1
329.97,26.0,50.0,42.0,705.0,Salaried,1.0,1
765.41,37.0,980.85,31.0,712.0,Salaried,2.0,0
474.48,50.0,50.0,13.0,,Salaried,2.0,0
603.76,31.0,1314.48,26.0,592.0,,2.0,1
763.03,53.0,859.32,52.0,725.0,Salaried,2.0,1
750.09,45.0,1149.89,17.0,629.0,Self-Employed,2.0,1
836.83,46.0,484.26,14.0,702.0,Salaried,1.0,0
571.17,58.0,256.62,12.0,664.0,Salaried,2.0,1
485.55,38.0,891.26,50.0,715.0,Salaried,1.0,1
576.55,34.0,788.24,12.0,688.0,Self-Employed,2.0,1
258.08,60.0,627.96,37.0,465.0,Salaried,2.0,1
291.01,43.0,829.63,60.0,693.0,Self-Employed,2.0,1
309.69,45.0,1768.6,41.0,725.0,Salaried,2.0,1
364.42,32.0,1092.08,28.0,711.0,Salaried,1.0,1
732.76,29.0,1167.32,17.0,673.0,Salaried,1.0,1
381.53,27.0,1095.38,6.0,795.0,Salaried,1.0,1
496.63,29.0,1317.81,14.0,702.0,Salaried,2.0,0
1148.88,28.0,733.47,58.0,711.0,Self-Employed,3.0,0
502.1,50.0,80.83,13.0,753.0,Salaried,2.0,0
867.56,23.0,733.99,7.0,705.0,Salaried,2.0,1
376.2,46.0,1084.11,50.0,617.0,Salaried,1.0,1
541.43,58.0,460.57,,509.0,Salaried,3.0,1
373.13,51.0,738.27,25.0,647.0,Salaried,1.0,1
506.44,37.0,557.88,45.0,733.0,Salaried,1.0,0
913.32,23.0,1325.71,34.0,655.0,Salaried,3.0,1
252.97,54.0,1062.31,56.0,736.0,Salaried,1.0,1
,21.0,1028.04,31.0,690.0,Salaried,1.0,0
675.73,48.0,1017.56,,770.0,Salaried,1.0,0
445.79,47.0,786.96,54.0,659.0,Salaried,2.0,1
291.17,28.0,869.14,,713.0,Salaried,1.0,1
622.03,50.0,385.19,21.0,715.0,Student,2.0,1
460.44,28.0,50.0,59.0,785.0,Salaried,2.0,0
674.03,30.0,852.53,18.0,561.0,Self-Employed,1.0,1
606.59,53.0,913.4,8.0,648.0,Salaried,1.0,0
1336.51,60.0,1223.24,37.0,739.0,Salaried,3.0,1
532.32,31.0,1349.97,60.0,788.0,Salaried,1.0,1
359.67,57.0,1349.5,10.0,697.0,Salaried,2.0,1
656.27,57.0,450.69,52.0,660.0,Self-Employed,2.0,1
669.77,51.0,676.71,51.0,733.0,Self-Employed,1.0,0
1183.85,26.0,968.12,57.0,741.0,Salaried,2.0,0
910.95,,1686.17,29.0,655.0,Salaried,2.0,1
717.21,48.0,1318.03,20.0,703.0,Salaried,2.0,1
1247.11,60.0,1191.79,34.0,763.0,Salaried,3.0,1
331.14,53.0,664.27,13.0,812.0,Self-Employed,3.0,1
435.74,37.0,490.88,52.0,732.0,Salaried,2.0,1
377.53,30.0,1076.12,42.0,683.0,Salaried,2.0,1
493.75,59.0,414.77,32.0,676.0,Student,2.0,1
301.44,32.0,716.55,34.0,719.0,Student,2.0,1
824.28,34.0,,45.0,672.0,Salaried,1.0,1
536.9,59.0,1357.52,34.0,693.0,Salaried,3.0,1
287.59,43.0,675.86,52.0,606.0,Self-Employed,3.0,1
361.09,31.0,50.0,56.0,771.0,Salaried,1.0,0
701.83,21.0,976.56,58.0,600.0,Salaried,3.0,1
912.32,38.0,555.34,40.0,650.0,Salaried,3.0,1
1628.31,60.0,814.92,46.0,687.0,Student,2.0,0
2575.66,38.0,769.65,23.0,819.0,Student,3.0,1
738.14,48.0,704.2,8.0,650.0,Self-Employed,1.0,1
365.83,31.0,1076.62,28.0,633.0,Salaried,1.0,1
206.63,52.0,263.5,53.0,641.0,Salaried,1.0,1
685.94,52.0,619.05,13.0,796.0,Salaried,2.0,0
,45.0,1039.41,36.0,483.0,Self-Employed,1.0,1
,51.0,585.07,16.0,610.0,Salaried,3.0,1
441.81,,236.92,29.0,850.0,Salaried,1.0,0
559.22,36.0,1033.99,13.0,721.0,Self-Employed,1.0,1
1022.41,50.0,1193.08,46.0,603.0,Salaried,2.0,1
649.01,54.0,784.25,50.0,677.0,Self-Employed,1.0,1
554.25,54.0,113.7,47.0,685.0,Salaried,2.0,1
357.49,29.0,1047.09,44.0,739.0,Self-Employed,1.0,1
259.72,48.0,219.04,18.0,809.0,Salaried,3.0,0
470.49,21.0,908.08,35.0,707.0,Salaried,2.0,1
584.08,43.0,489.39,11.0,642.0,Salaried,1.0,1
1452.29,43.0,394.06,26.0,735.0,Salaried,1.0,0
640.38,35.0,645.33,33.0,631.0,Salaried,1.0,0
980.73,,735.85,42.0,608.0,Salaried,3.0,1
467.45,56.0,574.53,11.0,557.0,Salaried,2.0,1
331.78,,1006.05,50.0,570.0,Self-Employed,2.0,1
370.32,29.0,643.88,31.0,617.0,Salaried,1.0,1
417.51,29.0,1143.07,54.0,598.0,Self-Employed,3.0,1
1739.17,56.0,898.41,35.0,702.0,Self-Employed,1.0,1
397.91,41.0,555.85,36.0,596.0,Salaried,2.0,1
912.49,50.0,496.92,44.0,460.0,Self-Employed,2.0,1
382.02,53.0,223.38,51.0,607.0,Salaried,1.0,0
955.96,51.0,901.76,14.0,647.0,Salaried,2.0,1
727.35,24.0,675.89,34.0,638.0,Salaried,1.0,1
554.8,26.0,50.0,7.0,786.0,Self-Employed,1.0,0
587.9,36.0,612.5,32.0,637.0,Salaried,3.0,1
432.48,34.0,484.64,50.0,742.0,Salaried,2.0,0
749.92,50.0,1351.49,53.0,679.0,Student,3.0,1
477.92,27.0,204.03,21.0,677.0,Salaried,2.0,1
325.1,35.0,295.53,27.0,622.0,Self-Employed,1.0,1
316.7,30.0,1188.49,36.0,676.0,Self-Employed,2.0,1
654.08,28.0,1274.87,27.0,626.0,Student,2.0,1
1321.44,27.0,539.26,15.0,692.0,Student,1.0,0
649.97,28.0,578.77,22.0,663.0,Student,2.0,1
565.44,43.0,1015.68,28.0,614.0,Salaried,2.0,1
692.18,37.0,50.0,34.0,749.0,Self-Employed,2.0,0
1152.78,38.0,148.58,56.0,710.0,Self-Employed,1.0,1
669.56,40.0,701.74,35.0,649.0,Salaried,3.0,0
488.56,50.0,1342.46,27.0,690.0,Salaried,1.0,1
1043.23,55.0,647.49,42.0,674.0,Student,1.0,1
743.45,42.0,835.33,48.0,619.0,Salaried,1.0,1
1293.11,46.0,1196.83,29.0,685.0,Salaried,3.0,1
657.57,50.0,1537.41,32.0,637.0,,1.0,1
325.28,48.0,598.1,17.0,614.0,Salaried,2.0,1
302.73,26.0,794.11,53.0,566.0,Self-Employed,1.0,1
1369.76,60.0,1437.72,53.0,655.0,Salaried,2.0,1
1420.5,27.0,267.23,15.0,720.0,Self-Employed,2.0,0
548.49,37.0,1159.65,25.0,631.0,Self-Employed,1.0,1
495.39,47.0,443.59,20.0,850.0,Salaried,3.0,0
1245.95,37.0,835.87,56.0,742.0,Self-Employed,1.0,0
344.95,30.0,715.08,9.0,771.0,Salaried,1.0,1
383.59,57.0,464.7,17.0,736.0,Self-Employed,2.0,1
827.65,23.0,,23.0,810.0,Student,2.0,1
492.57,30.0,896.75,36.0,625.0,Salaried,1.0,1
598.47,60.0,1148.44,19.0,501.0,Self-Employed,2.0,1
552.92,50.0,754.59,35.0,649.0,Salaried,1.0,0
710.32,24.0,824.54,47.0,719.0,Salaried,2.0,0
1212.78,51.0,,51.0,691.0,Self-Employed,2.0,1
627.8,59.0,459.93,11.0,699.0,Salaried,3.0,0
827.91,24.0,1058.89,13.0,772.0,Salaried,2.0,1
215.26,37.0,1086.77,11.0,707.0,Salaried,2.0,1
585.56,,1711.27,56.0,736.0,Salaried,2.0,1
393.59,26.0,668.36,41.0,614.0,Self-Employed,1.0,1
326.2,29.0,639.67,35.0,603.0,Salaried,1.0,1
386.78,27.0,1069.14,49.0,793.0,Salaried,3.0,1
507.69,28.0,1086.69,38.0,687.0,Salaried,1.0,1
948.5,37.0,612.72,18.0,636.0,Self-Employed,2.0,1
309.12,39.0,658.89,34.0,637.0,Salaried,1.0,1
609.26,30.0,989.4,44.0,635.0,Salaried,3.0,1
470.99,32.0,510.35,7.0,630.0,Salaried,1.0,1
509.33,28.0,656.31,39.0,590.0,Salaried,3.0,1
990.6,52.0,831.36,33.0,575.0,Student,2.0,1
785.24,29.0,1148.58,9.0,666.0,Salaried,1.0,1
1171.02,57.0,588.39,20.0,638.0,Salaried,2.0,1
555.39,42.0,155.17,30.0,758.0,Self-Employed,2.0,0
423.67,53.0,129.19,24.0,701.0,,1.0,0
536.46,46.0,359.21,21.0,699.0,Salaried,1.0,1
677.34,31.0,340.39,41.0,628.0,Salaried,2.0,1
655.38,45.0,745.89,28.0,672.0,Salaried,2.0,1
348.88,31.0,383.89,33.0,705.0,Self-Employed,1.0,1
627.77,25.0,554.04,49.0,730.0,Self-Employed,3.0,1
672.53,,529.07,11.0,673.0,Student,1.0,1
2112.58,32.0,645.82,25.0,756.0,Self-Employed,1.0,0
1533.57,26.0,1262.88,10.0,681.0,,2.0,1
391.63,21.0,1031.68,57.0,735.0,Salaried,1.0,1
519.69,58.0,805.65,16.0,646.0,Salaried,1.0,1
288.65,41.0,638.64,51.0,553.0,Student,2.0,1
446.56,37.0,648.37,16.0,699.0,Self-Employed,1.0,1
702.56,58.0,914.71,23.0,731.0,Salaried,1.0,0
1096.48,29.0,1004.46,39.0,720.0,Self-Employed,2.0,1
416.71,37.0,,51.0,710.0,Self-Employed,2.0,1
432.62,54.0,812.77,15.0,656.0,Student,3.0,1
205.06,46.0,88.93,17.0,624.0,Self-Employed,,1
553.13,36.0,874.1,54.0,719.0,Salaried,2.0,1
352.74,31.0,1066.75,23.0,710.0,Salaried,1.0,1
460.45,22.0,701.98,17.0,641.0,Salaried,2.0,1
387.03,24.0,1435.78,46.0,758.0,Salaried,1.0,0
572.38,27.0,491.57,11.0,618.0,Student,1.0,1
249.15,52.0,876.1,53.0,639.0,Salaried,3.0,1
288.13,46.0,787.46,54.0,795.0,Salaried,2.0,1
1739.85,38.0,764.9,53.0,741.0,Salaried,2.0,1
315.2,52.0,759.99,22.0,655.0,Salaried,1.0,1
346.73,27.0,837.49,12.0,700.0,Salaried,1.0,1
1503.25,29.0,1096.79,29.0,691.0,Salaried,2.0,1
2564.36,36.0,1282.21,24.0,488.0,Self-Employed,2.0,1
334.0,57.0,799.21,58.0,617.0,Salaried,2.0,1
499.1,45.0,1085.36,40.0,676.0,Salaried,1.0,1
711.74,55.0,554.38,57.0,655.0,Salaried,1.0,0
1424.08,30.0,1068.08,47.0,,Salaried,2.0,0
366.32,54.0,533.3,45.0,759.0,Self-Employed,2.0,0
530.75,23.0,1181.73,12.0,657.0,Self-Employed,1.0,1
885.01,30.0,1573.72,9.0,606.0,Salaried,1.0,1
745.69,41.0,757.27,8.0,703.0,Student,1.0,1
497.13,23.0,50.0,38.0,657.0,Self-Employed,1.0,0
561.17,55.0,608.17,17.0,669.0,Salaried,2.0,1
301.71,55.0,1231.16,60.0,660.0,Salaried,1.0,1
532.64,42.0,993.58,13.0,837.0,Salaried,2.0,0
525.18,33.0,887.12,58.0,523.0,Self-Employed,2.0,1
673.85,24.0,1153.03,42.0,653.0,Salaried,3.0,1
454.53,45.0,969.56,11.0,680.0,Salaried,3.0,1
759.53,42.0,1226.2,9.0,625.0,Self-Employed,1.0,1
995.54,51.0,1121.8,27.0,743.0,Self-Employed,1.0,1
648.49,45.0,1332.6,24.0,737.0,Self-Employed,1.0,1
715.38,26.0,925.58,23.0,677.0,Self-Employed,2.0,0
616.16,25.0,1116.84,35.0,661.0,Salaried,1.0,1
600.03,52.0,692.51,13.0,672.0,Self-Employed,1.0,1
418.28,,589.49,13.0,673.0,Salaried,1.0,0
702.87,58.0,1397.37,44.0,675.0,Salaried,1.0,1
571.51,,875.67,60.0,667.0,Student,2.0,1
1708.74,50.0,1081.71,21.0,698.0,Salaried,2.0,1
1317.65,60.0,843.31,57.0,733.0,Salaried,2.0,0
727.67,38.0,594.72,24.0,594.0,Salaried,3.0,1
409.69,23.0,803.84,24.0,606.0,Salaried,1.0,1
344.03,56.0,1302.6,10.0,558.0,Salaried,1.0,1
1088.44,28.0,994.33,29.0,741.0,Salaried,1.0,0
684.24,42.0,200.98,33.0,698.0,Self-Employed,2.0,0
762.8,60.0,724.66,42.0,715.0,Self-Employed,2.0,1
250.8,50.0,1423.8,14.0,580.0,Salaried,1.0,1
953.99,22.0,725.17,16.0,805.0,Salaried,3.0,0
753.06,53.0,169.83,29.0,637.0,Self-Employed,1.0,1
344.37,27.0,1462.57,9.0,692.0,Salaried,1.0,1
473.98,50.0,1038.84,13.0,740.0,Salaried,2.0,1
684.57,45.0,775.5,40.0,611.0,Salaried,3.0,1
615.95,32.0,670.0,58.0,642.0,Salaried,2.0,1
518.45,37.0,1178.82,37.0,693.0,Salaried,3.0,1
569.74,25.0,610.31,13.0,850.0,Self-Employed,1.0,0
528.97,60.0,1201.89,60.0,701.0,Student,2.0,1
647.56,30.0,989.77,34.0,792.0,Salaried,3.0,1
1252.22,33.0,885.64,45.0,764.0,Salaried,2.0,0
166.27,41.0,850.93,16.0,706.0,Salaried,1.0,1
532.99,47.0,738.76,37.0,611.0,Salaried,3.0,1
655.36,41.0,1165.97,10.0,754.0,Self-Employed,1.0,1
695.71,41.0,497.13,40.0,575.0,Salaried,2.0,1
498.19,44.0,232.33,17.0,792.0,Student,3.0,0
249.28,55.0,1015.05,56.0,694.0,Salaried,3.0,1
706.93,36.0,1020.93,9.0,494.0,Salaried,3.0,1
1423.12,54.0,968.08,41.0,656.0,Salaried,3.0,1
278.66,52.0,942.7,13.0,726.0,Salaried,,1
924.12,59.0,,43.0,663.0,Self-Employed,3.0,1
509.11,57.0,1075.62,33.0,730.0,Self-Employed,2.0,0
581.88,52.0,784.05,59.0,620.0,Salaried,2.0,1
354.42,30.0,629.51,41.0,589.0,Salaried,1.0,1
507.6,,690.84,26.0,675.0,Self-Employed,3.0,1
1149.35,50.0,,10.0,682.0,Self-Employed,2.0,1
802.92,32.0,192.76,38.0,656.0,Salaried,3.0,1
1426.65,48.0,974.93,30.0,766.0,Salaried,1.0,0
1080.99,31.0,212.31,8.0,620.0,Salaried,1.0,1
747.3,41.0,762.12,37.0,702.0,Salaried,2.0,1
1434.97,52.0,648.23,17.0,685.0,Salaried,1.0,0
747.27,28.0,70.24,18.0,571.0,Salaried,2.0,1
907.71,34.0,936.16,6.0,588.0,Salaried,1.0,1
517.31,52.0,666.99,26.0,681.0,,2.0,1
620.3,39.0,65.28,18.0,819.0,Salaried,1.0,0
423.36,59.0,1093.85,9.0,721.0,Student,1.0,1
984.09,21.0,1302.25,29.0,559.0,Salaried,2.0,1
332.88,49.0,1321.54,18.0,462.0,Salaried,1.0,1
887.23,53.0,925.63,13.0,731.0,Salaried,1.0,1
545.45,57.0,816.12,31.0,673.0,Salaried,1.0,1
1077.67,27.0,1264.85,9.0,760.0,Self-Employed,,1
873.37,,1388.83,60.0,618.0,Salaried,2.0,1
1491.08,36.0,1196.75,31.0,705.0,Salaried,1.0,1
864.64,35.0,470.46,60.0,739.0,Student,1.0,0
273.39,35.0,870.47,54.0,649.0,Self-Employed,2.0,1
580.25,46.0,953.83,59.0,650.0,Self-Employed,2.0,1
333.93,47.0,166.63,35.0,682.0,Salaried,2.0,0
463.03,39.0,964.28,,718.0,Salaried,1.0,1
1277.35,23.0,1595.55,45.0,679.0,Self-Employed,3.0,1
825.26,60.0,1023.98,10.0,748.0,Salaried,2.0,1
423.04,29.0,1315.69,52.0,648.0,Self-Employed,1.0,1
361.43,,864.02,23.0,587.0,Self-Employed,3.0,1
609.92,44.0,774.37,6.0,818.0,Salaried,,0
326.57,37.0,933.44,19.0,638.0,Salaried,2.0,1
428.96,45.0,514.46,19.0,640.0,Salaried,3.0,1
,56.0,462.68,6.0,675.0,Salaried,1.0,0
1069.11,24.0,1243.21,42.0,685.0,Self-Employed,3.0,1
813.47,32.0,1280.32,11.0,653.0,Self-Employed,2.0,1
190.81,41.0,453.11,52.0,679.0,Salaried,1.0,1
698.62,52.0,1138.8,30.0,677.0,Self-Employed,1.0,1
622.0,45.0,769.56,45.0,692.0,Salaried,1.0,1
737.95,36.0,918.93,24.0,515.0,Self-Employed,3.0,1
1346.19,45.0,961.08,13.0,812.0,Salaried,1.0,0
213.86,60.0,1148.02,15.0,670.0,Self-Employed,1.0,1
446.47,40.0,828.95,41.0,721.0,Self-Employed,2.0,1
806.24,56.0,1293.56,45.0,584.0,Salaried,2.0,1
272.09,52.0,908.29,20.0,647.0,Salaried,1.0,1
1255.02,33.0,1018.46,25.0,633.0,Self-Employed,3.0,1
721.34,30.0,508.36,57.0,783.0,Salaried,2.0,1
916.19,51.0,1555.53,52.0,639.0,Self-Employed,3.0,1
451.0,29.0,964.44,28.0,733.0,Student,1.0,1
901.28,34.0,1049.55,19.0,634.0,Self-Employed,1.0,1
1023.69,30.0,237.13,22.0,648.0,Salaried,2.0,1
674.09,45.0,512.05,35.0,663.0,Salaried,1.0,1
674.61,32.0,1233.26,37.0,770.0,Student,2.0,1
686.84,47.0,900.41,16.0,548.0,Salaried,1.0,1
389.65,58.0,130.18,9.0,588.0,Salaried,2.0,1
557.33,54.0,1163.4,33.0,544.0,Salaried,3.0,1
555.94,58.0,609.68,49.0,604.0,Self-Employed,3.0,1
726.78,21.0,1293.96,14.0,623.0,Salaried,3.0,1
989.15,39.0,769.26,28.0,567.0,Salaried,3.0,1
353.42,29.0,871.65,14.0,629.0,Salaried,2.0,1
563.65,57.0,1212.63,19.0,539.0,Self-Employed,1.0,1
1258.48,49.0,485.88,39.0,609.0,Salaried,3.0,1
413.7,33.0,452.5,21.0,764.0,Self-Employed,3.0,0
397.74,43.0,731.23,20.0,708.0,Self-Employed,3.0,1
663.87,45.0,1089.51,60.0,693.0,Student,2.0,1
915.18,40.0,334.19,15.0,610.0,Self-Employed,1.0,1
603.44,39.0,216.19,16.0,572.0,Salaried,3.0,1
1166.09,23.0,1088.3,57.0,600.0,Self-Employed,3.0,1
920.88,39.0,588.96,36.0,677.0,Salaried,2.0,0
914.01,34.0,662.72,8.0,741.0,Student,,0
791.55,53.0,150.12,29.0,743.0,Salaried,2.0,0
1921.3,55.0,,37.0,724.0,Self-Employed,3.0,0
541.5,51.0,797.35,19.0,628.0,Self-Employed,1.0,1
220.34,22.0,1125.63,36.0,,Salaried,3.0,1
1338.17,54.0,530.07,41.0,658.0,Self-Employed,1.0,1
477.27,36.0,1380.08,19.0,666.0,Salaried,1.0,1
633.25,37.0,560.41,50.0,823.0,Salaried,1.0,1
1154.83,58.0,560.92,30.0,557.0,Salaried,2.0,1
269.29,55.0,1338.08,58.0,664.0,Salaried,1.0,1
320.89,23.0,874.01,10.0,765.0,Salaried,3.0,1
269.43,35.0,,23.0,577.0,Student,2.0,1
403.37,50.0,745.7,45.0,635.0,Salaried,3.0,1
747.51,42.0,1273.58,55.0,643.0,Salaried,1.0,1
779.79,31.0,1313.17,18.0,664.0,Self-Employed,1.0,1
688.88,41.0,514.12,59.0,568.0,Self-Employed,2.0,1
,55.0,785.15,16.0,722.0,Salaried,2.0,1
189.02,29.0,831.55,28.0,727.0,Student,2.0,1
616.53,50.0,454.82,23.0,716.0,Salaried,3.0,1
473.92,50.0,780.51,29.0,619.0,Salaried,3.0,1
754.93,56.0,801.86,55.0,686.0,Salaried,2.0,1
852.27,32.0,1199.07,46.0,617.0,Self-Employed,3.0,1
642.94,29.0,1222.6,49.0,657.0,Salaried,2.0,1
877.43,42.0,684.78,19.0,831.0,Salaried,2.0,1
672.86,42.0,725.12,58.0,687.0,Self-Employed,1.0,0
782.08,37.0,1032.5,29.0,597.0,Salaried,1.0,1
421.83,52.0,595.18,41.0,693.0,Salaried,1.0,0
548.47,52.0,1006.02,44.0,585.0,Self-Employed,2.0,1
662.03,30.0,769.23,42.0,596.0,,2.0,1
904.33,52.0,460.71,39.0,607.0,Salaried,1.0,1
492.78,30.0,465.11,32.0,649.0,Salaried,2.0,1
778.61,37.0,1306.47,41.0,746.0,Student,1.0,0
525.32,22.0,745.25,55.0,720.0,Salaried,1.0,1
565.75,34.0,1374.12,27.0,717.0,Salaried,3.0,1
908.4,59.0,620.23,34.0,603.0,Salaried,2.0,1
221.49,38.0,901.92,15.0,642.0,Salaried,1.0,1
313.78,49.0,1637.44,25.0,699.0,Student,2.0,1
285.96,25.0,429.91,48.0,636.0,Salaried,1.0,1
186.82,46.0,135.76,41.0,661.0,Salaried,2.0,1
427.43,35.0,1250.31,17.0,711.0,Salaried,3.0,1
872.75,50.0,510.62,36.0,656.0,Salaried,2.0,1
520.34,58.0,792.75,50.0,696.0,Salaried,2.0,1
662.37,42.0,594.93,12.0,791.0,Student,1.0,0
1034.36,25.0,893.86,9.0,668.0,Self-Employed,2.0,0
1165.35,40.0,467.31,27.0,763.0,Salaried,1.0,0
579.61,25.0,737.02,42.0,719.0,Salaried,1.0,0
1180.53,38.0,957.44,23.0,577.0,Salaried,3.0,1
628.28,23.0,447.09,51.0,603.0,Salaried,2.0,1
394.74,46.0,554.97,52.0,622.0,Salaried,2.0,1
445.74,33.0,678.42,35.0,620.0,Salaried,1.0,1
286.19,29.0,299.91,26.0,674.0,Self-Employed,3.0,1
384.85,21.0,652.1,8.0,723.0,Self-Employed,1.0,0
501.66,56.0,841.58,51.0,768.0,Salaried,2.0,0
896.7,54.0,660.16,55.0,702.0,Student,3.0,1
1418.44,53.0,705.02,30.0,649.0,Salaried,2.0,1
300.62,23.0,793.03,34.0,534.0,Salaried,3.0,1
730.22,34.0,570.49,47.0,685.0,Self-Employed,1.0,1
356.62,59.0,1041.87,44.0,682.0,Salaried,2.0,1
760.73,44.0,1302.59,13.0,693.0,Salaried,3.0,1
561.94,26.0,637.47,42.0,827.0,Self-Employed,2.0,0
240.2,26.0,969.82,56.0,767.0,Salaried,,1
954.4,31.0,716.13,47.0,735.0,Self-Employed,1.0,0
443.38,59.0,927.92,32.0,613.0,Salaried,2.0,1
459.43,27.0,1348.02,34.0,644.0,Self-Employed,3.0,1
351.45,57.0,978.03,20.0,673.0,Salaried,2.0,1
432.59,48.0,179.3,42.0,626.0,Salaried,3.0,1
743.13,57.0,958.9,19.0,715.0,Salaried,2.0,1
545.83,54.0,1231.5,24.0,705.0,Self-Employed,2.0,1
707.16,34.0,722.44,20.0,604.0,Salaried,1.0,1
719.02,54.0,1148.47,24.0,764.0,Self-Employed,2.0,1
1161.26,27.0,558.46,26.0,687.0,Salaried,3.0,1
505.49,32.0,280.06,10.0,559.0,Salaried,2.0,1
286.72,29.0,849.41,45.0,676.0,Salaried,1.0,1
1023.05,26.0,185.23,30.0,700.0,Salaried,2.0,1
508.36,24.0,716.08,58.0,748.0,Student,2.0,1
1047.57,28.0,1250.39,15.0,656.0,Salaried,3.0,1
726.78,25.0,131.58,42.0,738.0,Self-Employed,1.0,0
561.92,36.0,352.18,,693.0,Salaried,1.0,1
714.31,23.0,,36.0,588.0,Salaried,2.0,1
1591.51,23.0,777.84,32.0,581.0,Salaried,1.0,1
1694.97,60.0,672.0,30.0,759.0,Self-Employed,3.0,0
,24.0,1289.7,42.0,764.0,,2.0,1
,23.0,1134.02,51.0,703.0,Salaried,2.0,1
1027.67,22.0,973.35,23.0,785.0,Salaried,1.0,1
393.11,26.0,850.97,52.0,754.0,Salaried,2.0,1
708.72,42.0,937.63,16.0,728.0,Salaried,3.0,1
592.29,54.0,498.31,22.0,616.0,Salaried,2.0,1
701.97,50.0,1100.02,23.0,801.0,Salaried,1.0,1
395.54,44.0,410.78,58.0,718.0,Self-Employed,1.0,1
271.01,24.0,1092.38,12.0,653.0,Student,3.0,1
212.82,51.0,1215.15,27.0,633.0,Student,3.0,1
343.17,22.0,873.8,29.0,698.0,Self-Employed,1.0,1
477.04,46.0,738.33,50.0,563.0,Salaried,2.0,1
518.19,37.0,,32.0,729.0,Self-Employed,,1
1580.58,56.0,50.0,59.0,613.0,Salaried,2.0,0
1043.07,33.0,905.79,46.0,706.0,Salaried,1.0,0
370.88,46.0,760.33,44.0,643.0,Salaried,3.0,1
713.93,38.0,782.28,47.0,661.0,Salaried,3.0,1
489.5,41.0,1047.29,14.0,627.0,Student,1.0,1
520.48,58.0,773.83,30.0,669.0,Self-Employed,2.0,1
658.26,49.0,400.93,38.0,812.0,Salaried,1.0,1
817.72,37.0,750.51,,777.0,Salaried,1.0,0
506.39,38.0,823.64,12.0,705.0,Self-Employed,1.0,1
1021.32,49.0,840.23,13.0,678.0,Salaried,1.0,0
338.99,34.0,856.67,49.0,739.0,Self-Employed,3.0,1
601.9,27.0,1163.78,42.0,759.0,Student,1.0,1
2199.02,39.0,419.89,21.0,622.0,Salaried,3.0,1
670.8,23.0,861.5,46.0,675.0,Salaried,1.0,1
1228.48,27.0,1251.48,44.0,552.0,Salaried,2.0,1
628.09,37.0,192.89,50.0,759.0,Salaried,2.0,0
802.17,52.0,862.88,56.0,825.0,Salaried,3.0,0
583.2,52.0,595.12,54.0,686.0,Salaried,1.0,1
551.0,31.0,670.25,15.0,531.0,Salaried,1.0,1
406.34,37.0,483.32,48.0,723.0,Salaried,2.0,1
744.03,27.0,740.66,27.0,617.0,Salaried,2.0,1
391.96,51.0,1444.44,28.0,634.0,Self-Employed,2.0,1
836.91,30.0,357.45,41.0,724.0,Salaried,1.0,0
1032.33,52.0,390.64,39.0,698.0,Self-Employed,1.0,1
720.68,54.0,344.32,29.0,646.0,Salaried,3.0,1
519.99,48.0,1404.6,60.0,635.0,Salaried,2.0,0
752.88,34.0,638.18,15.0,689.0,Salaried,2.0,1
514.19,59.0,791.03,11.0,651.0,Self-Employed,1.0,0
957.86,48.0,659.03,7.0,602.0,Salaried,1.0,1
240.14,46.0,469.45,50.0,657.0,Salaried,3.0,1
507.31,55.0,717.7,28.0,704.0,Salaried,2.0,1
221.74,56.0,1660.39,30.0,668.0,Student,1.0,1
284.12,24.0,,41.0,581.0,Salaried,3.0,1
1186.62,56.0,501.47,29.0,749.0,Salaried,2.0,1
938.72,51.0,1026.65,37.0,488.0,Self-Employed,1.0,1
418.71,29.0,508.97,9.0,649.0,Salaried,1.0,1
283.07,33.0,178.27,14.0,637.0,Salaried,2.0,1
136.27,51.0,1156.83,57.0,690.0,Self-Employed,1.0,1
457.23,29.0,1206.03,30.0,719.0,Salaried,2.0,1
,39.0,1166.12,15.0,759.0,Salaried,2.0,0
745.74,48.0,635.55,26.0,630.0,Salaried,1.0,1
453.57,47.0,741.63,24.0,721.0,Salaried,3.0,1
757.08,57.0,1062.42,21.0,694.0,Student,1.0,1
274.91,25.0,937.02,22.0,560.0,Salaried,2.0,1
517.12,32.0,662.23,46.0,813.0,Salaried,2.0,1
630.6,60.0,233.32,11.0,579.0,Salaried,2.0,0
574.72,43.0,839.86,23.0,709.0,Self-Employed,2.0,1
890.99,30.0,1177.65,31.0,707.0,Self-Employed,2.0,1
712.84,32.0,380.84,35.0,699.0,Salaried,3.0,0
838.06,34.0,1023.57,54.0,645.0,Self-Employed,3.0,1
425.28,43.0,916.04,56.0,738.0,Salaried,3.0,1
939.96,32.0,1062.55,22.0,571.0,Self-Employed,1.0,1
1354.79,45.0,1105.19,35.0,675.0,Salaried,2.0,1
369.39,38.0,556.94,,641.0,Salaried,2.0,1
384.94,45.0,234.06,39.0,633.0,Self-Employed,1.0,0
1170.07,27.0,613.27,14.0,710.0,Self-Employed,2.0,1
545.26,45.0,1111.19,10.0,755.0,Salaried,1.0,1
1210.56,,610.3,42.0,656.0,,1.0,0
480.9,26.0,557.08,15.0,735.0,Self-Employed,1.0,1
1241.97,34.0,162.53,32.0,683.0,Salaried,1.0,0
640.77,48.0,1413.43,11.0,618.0,Salaried,1.0,1
682.69,45.0,1089.0,47.0,662.0,Salaried,2.0,1
1311.97,47.0,1069.46,48.0,659.0,Salaried,2.0,1
500.72,43.0,1138.7,37.0,631.0,Salaried,1.0,1
374.79,48.0,1001.85,,710.0,Salaried,1.0,1
479.45,45.0,714.48,30.0,696.0,Student,3.0,1
,23.0,742.68,16.0,569.0,Salaried,1.0,1
274.25,51.0,650.35,14.0,564.0,Self-Employed,2.0,1
825.23,38.0,1722.16,18.0,710.0,Student,2.0,1
458.31,23.0,994.57,17.0,623.0,Self-Employed,2.0,1
1065.11,37.0,637.67,23.0,701.0,Salaried,3.0,0
181.24,38.0,962.92,17.0,735.0,Salaried,2.0,1
404.9,24.0,446.2,38.0,591.0,Salaried,3.0,1
258.19,60.0,1326.58,14.0,581.0,Salaried,3.0,1
396.95,29.0,,40.0,797.0,Student,1.0,1
679.1,34.0,975.38,24.0,705.0,Self-Employed,1.0,0
548.57,38.0,1173.09,43.0,651.0,Salaried,1.0,1
528.6,54.0,934.67,34.0,615.0,Salaried,1.0,1
554.1,50.0,833.06,55.0,644.0,Self-Employed,2.0,1
664.23,51.0,803.78,30.0,597.0,Salaried,1.0,1
362.37,30.0,780.25,22.0,742.0,Self-Employed,1.0,1
854.36,54.0,598.16,38.0,626.0,Salaried,1.0,1
835.69,54.0,642.68,42.0,757.0,Self-Employed,2.0,0
727.38,39.0,1317.86,30.0,652.0,Self-Employed,2.0,0
792.5,42.0,762.01,36.0,607.0,Salaried,3.0,0
695.85,22.0,524.97,,650.0,Salaried,1.0,0
1659.82,51.0,619.3,22.0,496.0,Self-Employed,1.0,1
574.43,59.0,1185.13,23.0,672.0,Salaried,3.0,1
514.6,39.0,1036.46,55.0,668.0,Salaried,2.0,0
411.65,42.0,996.12,43.0,738.0,Salaried,2.0,0
358.1,40.0,709.87,11.0,548.0,Salaried,2.0,1
322.05,24.0,1000.68,58.0,761.0,Self-Employed,1.0,1
384.73,45.0,574.75,45.0,737.0,Salaried,3.0,1
579.17,49.0,709.14,8.0,768.0,Salaried,2.0,1
709.16,58.0,1139.43,46.0,676.0,Self-Employed,2.0,1
615.54,58.0,1106.0,38.0,751.0,Salaried,2.0,1
409.18,40.0,456.33,56.0,577.0,Salaried,1.0,1
941.07,59.0,500.57,32.0,730.0,Self-Employed,1.0,0
868.39,42.0,838.05,34.0,626.0,Self-Employed,2.0,1
553.97,46.0,1404.15,23.0,564.0,Salaried,2.0,1
432.88,45.0,129.55,23.0,601.0,Self-Employed,1.0,1
789.3,60.0,897.42,39.0,680.0,Salaried,1.0,1
659.13,50.0,318.38,51.0,622.0,Salaried,3.0,1
290.87,25.0,577.98,54.0,706.0,Student,1.0,1
579.95,23.0,672.45,48.0,553.0,Self-Employed,2.0,1
683.99,37.0,652.82,39.0,531.0,Salaried,2.0,1
382.64,41.0,613.17,33.0,776.0,Salaried,3.0,1
659.74,47.0,802.52,24.0,743.0,Salaried,2.0,1
289.89,40.0,,48.0,607.0,Salaried,3.0,1
1170.31,41.0,288.14,23.0,680.0,Self-Employed,1.0,0
1119.8,57.0,1072.95,20.0,751.0,Self-Employed,3.0,1
528.83,34.0,1063.51,53.0,709.0,Salaried,3.0,1
719.57,40.0,1095.11,38.0,690.0,Salaried,2.0,1
179.82,43.0,260.74,25.0,757.0,Salaried,2.0,1
336.55,,904.62,53.0,629.0,Salaried,1.0,1
518.03,59.0,1036.59,58.0,682.0,Self-Employed,2.0,1
351.03,59.0,439.08,23.0,679.0,Salaried,1.0,1
857.59,41.0,803.21,34.0,661.0,Salaried,1.0,1
1628.77,39.0,759.31,32.0,653.0,Salaried,3.0,1
333.16,44.0,1444.75,44.0,685.0,Student,1.0,1
394.73,28.0,1473.57,58.0,682.0,Salaried,2.0,1
674.96,38.0,217.48,36.0,607.0,Salaried,1.0,1
1342.77,29.0,1672.87,49.0,,Salaried,1.0,1
325.62,26.0,479.67,38.0,612.0,Salaried,1.0,1
679.56,24.0,1143.24,54.0,665.0,Salaried,1.0,0
1491.56,44.0,1139.67,28.0,,Salaried,2.0,0
262.71,21.0,451.51,27.0,705.0,Salaried,3.0,1
316.21,46.0,972.64,29.0,532.0,Salaried,2.0,1
485.47,38.0,762.36,60.0,742.0,Self-Employed,3.0,1
462.49,35.0,994.02,39.0,633.0,Salaried,2.0,1
900.75,51.0,880.74,14.0,765.0,Salaried,2.0,0
677.06,42.0,1218.72,8.0,647.0,Salaried,1.0,1
247.01,50.0,826.39,34.0,677.0,Self-Employed,1.0,1
776.37,49.0,741.24,,814.0,Self-Employed,3.0,1
449.51,22.0,1183.62,32.0,661.0,Self-Employed,2.0,1
1134.73,29.0,1003.14,36.0,767.0,Salaried,2.0,0
438.4,43.0,1056.13,49.0,683.0,Salaried,3.0,1
436.43,60.0,567.39,34.0,709.0,Salaried,1.0,0
786.42,27.0,434.16,55.0,685.0,Salaried,2.0,0
878.66,25.0,601.3,41.0,739.0,Salaried,1.0,1
750.68,58.0,582.71,46.0,632.0,Salaried,3.0,1
258.3,59.0,1075.17,48.0,611.0,Salaried,1.0,1
785.21,27.0,1141.59,40.0,635.0,Salaried,1.0,1
357.73,37.0,745.7,8.0,687.0,Salaried,2.0,1
674.9,46.0,1300.82,29.0,665.0,Salaried,1.0,1
294.44,28.0,1278.96,13.0,730.0,Self-Employed,3.0,1
750.01,34.0,885.19,34.0,771.0,Salaried,2.0,0
400.87,36.0,512.34,13.0,612.0,Self-Employed,1.0,1
315.96,46.0,1351.38,34.0,629.0,Salaried,1.0,1
857.34,33.0,778.64,24.0,579.0,Self-Employed,3.0,0
677.05,37.0,844.16,7.0,822.0,Self-Employed,2.0,1
441.4,32.0,681.14,12.0,701.0,Salaried,3.0,1
1239.57,,488.57,33.0,714.0,Student,1.0,0
481.35,27.0,285.98,10.0,586.0,Salaried,3.0,1
609.71,30.0,1021.5,53.0,680.0,Salaried,2.0,1
686.35,30.0,525.81,47.0,716.0,Self-Employed,2.0,1
440.14,57.0,1870.84,45.0,662.0,Salaried,1.0,1
759.38,58.0,419.87,15.0,755.0,Salaried,1.0,0
459.53,41.0,359.92,49.0,842.0,Salaried,3.0,0
488.39,27.0,978.55,40.0,614.0,Salaried,3.0,1
1185.89,51.0,1335.26,27.0,608.0,Salaried,1.0,1
356.61,40.0,822.61,,619.0,Salaried,3.0,1
179.57,54.0,1000.28,35.0,792.0,Salaried,1.0,1
1342.65,35.0,154.76,49.0,753.0,Salaried,1.0,0
2146.5,60.0,562.87,7.0,671.0,Salaried,1.0,0
489.95,53.0,424.23,8.0,683.0,,1.0,0
227.81,29.0,136.73,27.0,623.0,Self-Employed,1.0,1
513.72,50.0,840.94,34.0,742.0,Salaried,1.0,0
519.99,,50.0,32.0,653.0,Salaried,1.0,0
545.64,34.0,337.23,29.0,662.0,,2.0,1
343.86,31.0,611.98,20.0,723.0,Student,3.0,1
801.68,,509.05,9.0,667.0,Salaried,2.0,1
779.91,31.0,938.74,7.0,664.0,Salaried,1.0,1
284.21,46.0,906.95,11.0,681.0,Self-Employed,2.0,1
851.1,44.0,1112.83,43.0,736.0,Self-Employed,1.0,1
1674.5,51.0,1063.33,49.0,795.0,Salaried,2.0,1
653.87,60.0,1199.28,29.0,721.0,Salaried,,1
506.88,21.0,799.33,,736.0,Salaried,1.0,0
558.88,60.0,906.21,28.0,,Salaried,1.0,1
816.12,,979.03,60.0,630.0,Student,3.0,1
252.55,42.0,849.58,19.0,726.0,Self-Employed,,1
651.4,34.0,660.98,33.0,692.0,Salaried,2.0,1
493.59,46.0,683.65,35.0,580.0,Salaried,3.0,1
1511.48,49.0,513.85,24.0,657.0,Self-Employed,3.0,1
549.96,55.0,947.57,30.0,674.0,Salaried,1.0,1
1381.43,37.0,767.09,31.0,644.0,Self-Employed,2.0,1
345.52,58.0,567.89,32.0,784.0,Salaried,1.0,1
804.77,33.0,568.21,45.0,714.0,Salaried,2.0,1
703.9,29.0,376.36,37.0,776.0,Salaried,1.0,0
388.54,36.0,1142.59,8.0,698.0,Salaried,3.0,1
655.65,42.0,827.52,6.0,686.0,Student,2.0,1
1100.14,47.0,498.02,28.0,614.0,Salaried,1.0,1
510.32,54.0,1082.99,55.0,681.0,Salaried,1.0,1
257.48,29.0,603.84,8.0,681.0,Salaried,2.0,1
594.75,,307.72,9.0,584.0,Salaried,2.0,1
382.11,58.0,1157.43,43.0,642.0,Salaried,3.0,1
,38.0,612.02,30.0,657.0,Self-Employed,1.0,1
576.02,30.0,656.89,18.0,709.0,Salaried,2.0,1
255.73,60.0,814.41,17.0,712.0,Salaried,2.0,1
267.49,38.0,,42.0,639.0,Salaried,1.0,1
763.54,60.0,807.01,34.0,713.0,Salaried,2.0,1
462.0,57.0,380.31,41.0,667.0,Self-Employed,1.0,1
166.43,57.0,990.36,21.0,479.0,Salaried,1.0,1
888.34,44.0,630.25,34.0,646.0,Salaried,2.0,1
687.54,52.0,1460.77,53.0,756.0,Self-Employed,3.0,1
419.89,59.0,799.61,23.0,562.0,Self-Employed,1.0,1
310.6,31.0,50.0,27.0,688.0,Self-Employed,1.0,0
911.26,22.0,925.08,15.0,791.0,Salaried,2.0,1
,33.0,1480.61,41.0,627.0,Salaried,3.0,1
1974.82,46.0,1351.57,7.0,680.0,Self-Employed,2.0,1
740.28,42.0,1440.83,19.0,589.0,Salaried,1.0,1
728.35,24.0,443.08,45.0,794.0,Salaried,2.0,1
551.95,43.0,1119.25,7.0,674.0,Salaried,2.0,1
902.63,27.0,547.3,60.0,683.0,Self-Employed,2.0,1
820.14,41.0,878.5,28.0,775.0,Salaried,1.0,1
1121.91,44.0,354.47,27.0,726.0,Salaried,1.0,1
462.33,46.0,574.44,35.0,619.0,Salaried,1.0,1
482.62,37.0,563.31,41.0,635.0,Salaried,2.0,1
472.19,37.0,1114.49,31.0,715.0,Self-Employed,1.0,1
890.99,48.0,1080.25,54.0,636.0,Salaried,1.0,1
1269.17,50.0,896.89,58.0,532.0,Salaried,2.0,1
477.0,53.0,327.35,17.0,676.0,Self-Employed,2.0,1
485.19,34.0,690.93,44.0,576.0,Self-Employed,1.0,1
702.02,37.0,538.86,22.0,793.0,Salaried,2.0,0
530.62,34.0,1104.39,60.0,692.0,Student,2.0,1
965.8,42.0,1212.36,19.0,617.0,Salaried,1.0,1
194.62,26.0,1169.73,22.0,631.0,Self-Employed,3.0,1
396.86,38.0,535.67,45.0,548.0,Salaried,3.0,1
405.74,28.0,50.0,49.0,603.0,Salaried,1.0,1
188.06,42.0,181.56,13.0,751.0,Salaried,1.0,0
370.6,55.0,1297.57,36.0,836.0,Salaried,1.0,1
379.69,60.0,659.56,25.0,731.0,Salaried,1.0,0
542.6,,537.25,39.0,674.0,,2.0,1
1046.72,23.0,1374.93,36.0,650.0,Salaried,3.0,1
530.81,30.0,1242.81,60.0,613.0,Salaried,3.0,1
358.35,25.0,808.56,57.0,824.0,Salaried,1.0,1
583.15,51.0,697.31,,667.0,Student,2.0,0
1013.86,60.0,753.76,43.0,828.0,Self-Employed,1.0,0
368.32,43.0,879.51,55.0,778.0,Student,2.0,0
380.56,28.0,1360.02,16.0,558.0,Salaried,1.0,1
793.3,21.0,947.86,45.0,633.0,Salaried,3.0,1
537.09,60.0,1054.11,48.0,633.0,Salaried,3.0,1
829.37,33.0,1209.24,13.0,674.0,Salaried,1.0,1
595.92,25.0,390.61,54.0,676.0,Salaried,2.0,0
852.15,28.0,1064.2,44.0,850.0,Self-Employed,2.0,0
357.59,31.0,696.9,25.0,605.0,Salaried,3.0,1
596.39,47.0,50.0,32.0,696.0,Self-Employed,2.0,0
540.01,56.0,55.14,32.0,723.0,Salaried,1.0,0
326.68,32.0,443.66,56.0,680.0,Salaried,2.0,1
274.57,48.0,985.93,59.0,688.0,Salaried,1.0,1
845.4,23.0,839.83,50.0,607.0,Student,2.0,1
503.43,21.0,864.53,41.0,687.0,Salaried,1.0,1
359.89,23.0,1482.83,11.0,716.0,Salaried,2.0,1
571.83,57.0,355.82,56.0,703.0,Salaried,3.0,1
1054.62,44.0,790.4,13.0,720.0,Salaried,1.0,1
191.82,53.0,906.55,15.0,779.0,Student,2.0,1
283.9,21.0,542.3,9.0,746.0,Self-Employed,2.0,0
378.22,21.0,809.91,58.0,685.0,Self-Employed,1.0,1
1245.78,54.0,240.02,33.0,598.0,Student,2.0,1
691.06,25.0,1293.47,18.0,638.0,Self-Employed,2.0,1
880.59,27.0,561.43,10.0,665.0,Salaried,1.0,1
339.29,41.0,1510.99,28.0,698.0,Salaried,3.0,1
342.8,45.0,788.63,45.0,647.0,Salaried,2.0,1
750.57,30.0,1159.82,60.0,614.0,Salaried,2.0,1
617.74,38.0,781.34,36.0,597.0,Salaried,1.0,1
789.42,47.0,789.24,39.0,564.0,Salaried,1.0,1
546.26,38.0,595.59,51.0,664.0,Student,1.0,1
689.52,36.0,841.69,55.0,577.0,Student,3.0,1
649.36,23.0,911.3,21.0,610.0,Salaried,3.0,1
885.2,39.0,525.51,60.0,652.0,Self-Employed,3.0,1
898.24,53.0,756.23,34.0,586.0,Salaried,1.0,1
266.93,46.0,586.47,57.0,707.0,Salaried,2.0,1
195.06,56.0,1604.88,12.0,732.0,Salaried,2.0,1
990.1,26.0,768.59,11.0,642.0,Salaried,2.0,1
1086.58,21.0,1340.83,54.0,649.0,Salaried,1.0,1
360.19,42.0,731.53,42.0,718.0,Salaried,3.0,1
236.75,28.0,890.75,15.0,630.0,Salaried,1.0,1
630.46,44.0,337.52,55.0,625.0,Salaried,1.0,1
955.61,57.0,643.52,11.0,764.0,Student,,0
1473.99,34.0,873.69,43.0,742.0,Salaried,2.0,1
776.72,42.0,1355.1,17.0,722.0,Salaried,1.0,0
498.23,48.0,877.69,9.0,745.0,Salaried,2.0,1
383.89,27.0,1284.3,50.0,542.0,Salaried,3.0,1
603.45,56.0,1024.26,52.0,775.0,Salaried,1.0,1
,29.0,1369.59,11.0,707.0,Salaried,,1
,53.0,779.34,11.0,751.0,Salaried,1.0,1
1671.22,47.0,1636.58,39.0,707.0,Salaried,1.0,0
1464.86,26.0,630.11,7.0,683.0,Self-Employed,2.0,1
1058.87,49.0,531.74,47.0,661.0,Salaried,2.0,0
378.61,28.0,376.48,56.0,706.0,Salaried,1.0,1
920.06,44.0,1615.86,47.0,658.0,Salaried,2.0,1
826.12,59.0,1086.81,18.0,741.0,Salaried,2.0,1
748.6,59.0,683.06,16.0,569.0,Salaried,2.0,1
1120.76,55.0,1237.16,43.0,642.0,Salaried,2.0,1
824.37,40.0,1040.69,9.0,823.0,Salaried,3.0,0
868.65,43.0,1488.14,35.0,636.0,Self-Employed,2.0,1
825.0,33.0,258.26,30.0,663.0,Salaried,2.0,1
711.46,57.0,707.12,46.0,618.0,Salaried,2.0,1
245.95,40.0,638.12,17.0,704.0,Self-Employed,2.0,1
625.62,51.0,109.21,47.0,628.0,Salaried,1.0,1
454.33,35.0,1171.11,44.0,667.0,Self-Employed,1.0,1
316.4,50.0,705.36,19.0,739.0,Student,1.0,1
1391.08,29.0,1058.87,25.0,631.0,Student,1.0,1
1424.29,50.0,1625.92,9.0,735.0,Salaried,,0
1183.87,22.0,676.36,30.0,738.0,Salaried,2.0,0
681.66,25.0,652.6,20.0,754.0,Salaried,2.0,1
1178.79,35.0,841.53,12.0,690.0,Salaried,2.0,0
603.63,40.0,1145.54,36.0,850.0,Salaried,2.0,1
664.03,49.0,601.65,37.0,754.0,Salaried,2.0,1
,35.0,579.16,,703.0,Salaried,2.0,1
731.74,21.0,1170.02,16.0,619.0,Salaried,2.0,1
618.39,34.0,932.52,10.0,673.0,Salaried,1.0,1
312.81,38.0,84.35,43.0,780.0,Salaried,2.0,0
584.84,42.0,371.11,24.0,800.0,Student,2.0,0
576.55,46.0,1325.43,9.0,783.0,Salaried,2.0,1
1473.96,30.0,940.67,16.0,735.0,Salaried,3.0,0
938.27,45.0,533.23,59.0,592.0,Student,2.0,0
603.44,46.0,740.36,20.0,714.0,Salaried,2.0,1
679.48,52.0,804.63,43.0,593.0,,1.0,1
613.41,41.0,1057.51,31.0,576.0,Self-Employed,2.0,1
542.11,53.0,324.61,15.0,697.0,Salaried,,1
349.22,29.0,505.67,22.0,717.0,Salaried,3.0,1
556.35,49.0,895.53,6.0,743.0,Self-Employed,3.0,1
413.18,22.0,765.06,47.0,715.0,Self-Employed,1.0,1
321.11,25.0,1000.15,24.0,717.0,Self-Employed,2.0,1
774.75,55.0,369.67,33.0,611.0,Student,3.0,1
729.65,40.0,925.0,14.0,673.0,Salaried,2.0,0
,45.0,1182.05,51.0,575.0,Self-Employed,2.0,1
564.3,45.0,970.39,18.0,540.0,Salaried,2.0,1
987.11,48.0,848.69,37.0,732.0,Self-Employed,2.0,0
1018.96,30.0,766.44,,627.0,Self-Employed,1.0,1
1002.09,28.0,507.8,45.0,741.0,Self-Employed,1.0,1
611.79,22.0,774.8,39.0,758.0,Self-Employed,3.0,1
393.23,55.0,1240.9,54.0,637.0,Salaried,3.0,1
349.0,,758.34,15.0,721.0,Self-Employed,3.0,1
712.82,44.0,488.57,58.0,634.0,Salaried,1.0,1
725.29,39.0,627.71,36.0,551.0,Salaried,1.0,1
1142.07,,870.3,28.0,689.0,Self-Employed,1.0,1
1039.94,37.0,669.27,20.0,647.0,Self-Employed,3.0,1
561.61,24.0,969.86,46.0,,Salaried,2.0,1
,28.0,983.0,59.0,818.0,Salaried,3.0,1
511.51,26.0,1111.14,43.0,573.0,Salaried,1.0,1
668.84,53.0,1298.25,7.0,707.0,Salaried,2.0,0
542.34,43.0,1148.55,31.0,610.0,Salaried,2.0,1
449.43,58.0,473.02,,744.0,Student,1.0,1
680.87,38.0,483.76,27.0,701.0,Salaried,3.0,0
466.36,29.0,773.48,48.0,707.0,Student,2.0,1
438.3,45.0,642.09,44.0,614.0,Salaried,1.0,1
701.1,58.0,401.59,9.0,626.0,Self-Employed,1.0,1
490.75,42.0,645.41,36.0,745.0,Salaried,3.0,1
677.89,21.0,633.92,15.0,804.0,Self-Employed,2.0,1
687.82,33.0,564.85,32.0,714.0,Salaried,2.0,0
339.41,57.0,689.47,27.0,617.0,Self-Employed,2.0,1
471.68,41.0,1212.46,50.0,704.0,Student,2.0,1
1231.29,59.0,869.73,53.0,850.0,Salaried,2.0,0
335.59,41.0,1665.13,31.0,687.0,Salaried,3.0,1
208.22,21.0,859.68,35.0,782.0,Salaried,1.0,1
236.51,55.0,698.48,40.0,628.0,Self-Employed,2.0,1
608.8,51.0,801.45,42.0,677.0,Salaried,1.0,1
609.35,49.0,889.77,40.0,723.0,Salaried,1.0,0
565.73,59.0,952.34,49.0,708.0,Salaried,2.0,1
1101.06,28.0,1526.85,60.0,626.0,Salaried,3.0,1
157.67,57.0,504.14,51.0,623.0,Self-Employed,1.0,1
731.35,30.0,1100.67,13.0,749.0,Self-Employed,2.0,0
1309.82,59.0,,32.0,763.0,Self-Employed,,1
341.39,28.0,250.12,31.0,786.0,Self-Employed,1.0,0
496.22,43.0,1069.74,,806.0,Self-Employed,2.0,1
411.78,52.0,1243.67,35.0,689.0,Salaried,,1
383.66,24.0,499.99,45.0,658.0,Student,1.0,0
509.69,23.0,796.87,29.0,775.0,Salaried,1.0,0
1224.97,54.0,196.13,20.0,730.0,Salaried,3.0,0
,23.0,359.42,31.0,611.0,Self-Employed,1.0,1
507.23,45.0,1166.81,52.0,608.0,Salaried,1.0,1
1555.36,58.0,636.75,23.0,714.0,Salaried,3.0,0
,45.0,411.92,7.0,668.0,,3.0,1
1441.98,40.0,880.31,59.0,678.0,Salaried,2.0,1
572.65,37.0,617.16,16.0,755.0,Student,2.0,1
640.63,46.0,635.21,39.0,733.0,Salaried,3.0,1
720.3,43.0,1058.76,50.0,773.0,Salaried,2.0,1
2940.56,41.0,393.39,21.0,545.0,Salaried,2.0,1
918.34,27.0,483.12,24.0,,Salaried,3.0,0
421.28,47.0,853.93,21.0,729.0,Salaried,2.0,1
974.02,50.0,1139.29,14.0,,Salaried,2.0,1
500.7,49.0,1233.36,14.0,634.0,Salaried,1.0,1
469.68,24.0,567.23,16.0,621.0,Salaried,2.0,1
945.04,49.0,1128.08,31.0,682.0,Salaried,2.0,1
609.4,50.0,525.55,35.0,794.0,Salaried,1.0,0
689.67,28.0,1439.17,,822.0,Self-Employed,2.0,1
604.21,54.0,403.18,52.0,623.0,Salaried,3.0,1
709.97,41.0,1264.97,43.0,717.0,Salaried,2.0,0
742.05,39.0,570.23,9.0,719.0,Student,1.0,1
227.8,49.0,1504.64,52.0,707.0,Salaried,1.0,1
837.33,41.0,1006.96,7.0,708.0,Salaried,1.0,1
367.2,42.0,444.39,36.0,701.0,Self-Employed,2.0,1
291.72,33.0,617.22,31.0,798.0,Salaried,2.0,0
582.73,58.0,1073.41,33.0,757.0,,1.0,1
625.73,59.0,1168.43,58.0,606.0,Self-Employed,3.0,1
424.19,26.0,775.25,56.0,736.0,Student,1.0,1
909.09,50.0,815.63,21.0,742.0,Student,1.0,1
306.69,21.0,1065.42,37.0,702.0,Salaried,3.0,1
489.54,35.0,846.13,58.0,759.0,Self-Employed,,1
447.87,59.0,347.27,46.0,693.0,Salaried,2.0,1
586.19,27.0,515.46,54.0,694.0,Salaried,3.0,0
689.77,,882.29,29.0,688.0,Salaried,3.0,1
362.49,29.0,1225.42,21.0,539.0,Salaried,1.0,1
861.84,50.0,1365.59,34.0,674.0,Salaried,2.0,1
619.2,39.0,1072.84,50.0,633.0,Salaried,2.0,1
232.98,44.0,900.55,57.0,597.0,Salaried,1.0,1
225.35,58.0,1062.08,43.0,780.0,Salaried,3.0,1
596.32,41.0,566.64,44.0,715.0,Student,2.0,1
537.24,50.0,746.37,34.0,678.0,Salaried,3.0,1
569.76,24.0,511.55,23.0,640.0,Self-Employed,2.0,1
591.66,29.0,362.94,29.0,701.0,Self-Employed,2.0,1
671.63,58.0,916.74,33.0,749.0,Self-Employed,1.0,1
963.68,55.0,864.93,50.0,622.0,Salaried,3.0,1
344.25,47.0,1040.68,36.0,680.0,Self-Employed,2.0,1
333.93,36.0,991.14,49.0,741.0,Self-Employed,1.0,1
347.33,28.0,,,544.0,Self-Employed,1.0,1
693.25,55.0,994.82,47.0,676.0,Student,2.0,1
1118.12,52.0,785.06,33.0,650.0,Salaried,1.0,1
483.6,30.0,944.51,60.0,671.0,Salaried,2.0,1
171.76,44.0,545.85,31.0,645.0,Self-Employed,2.0,1
255.94,45.0,929.4,32.0,690.0,Salaried,1.0,1
395.6,40.0,1033.95,13.0,815.0,Self-Employed,2.0,1
453.99,58.0,565.61,50.0,657.0,Salaried,1.0,0
489.18,25.0,818.14,44.0,700.0,Salaried,3.0,1
611.69,31.0,581.74,53.0,820.0,Salaried,3.0,1
513.4,24.0,615.72,11.0,641.0,Salaried,1.0,1
1013.94,48.0,406.27,17.0,807.0,Student,2.0,0
427.91,46.0,1243.02,54.0,680.0,Salaried,2.0,1
389.85,60.0,1172.99,8.0,805.0,Self-Employed,3.0,1
762.32,42.0,988.1,33.0,733.0,Salaried,1.0,0
278.41,27.0,1490.27,28.0,701.0,Student,2.0,1
729.07,39.0,733.76,57.0,675.0,Salaried,3.0,1
631.57,24.0,1861.12,53.0,636.0,Salaried,1.0,1
557.36,47.0,720.36,55.0,,Salaried,2.0,1
1327.52,47.0,889.32,21.0,743.0,Salaried,1.0,0
439.58,55.0,660.78,38.0,679.0,Student,2.0,1
1680.89,34.0,930.31,44.0,658.0,Student,,1
536.04,33.0,1092.47,59.0,662.0,Salaried,3.0,1
316.85,23.0,760.13,6.0,749.0,Salaried,2.0,0
621.35,37.0,1421.85,,766.0,Salaried,1.0,1
350.31,40.0,883.7,25.0,633.0,Salaried,3.0,1
412.01,51.0,894.67,13.0,633.0,Salaried,3.0,1
731.76,,481.85,39.0,707.0,Salaried,2.0,1
792.13,26.0,946.47,48.0,787.0,Salaried,2.0,0
439.59,32.0,753.09,13.0,760.0,Self-Employed,1.0,1
983.02,41.0,587.12,8.0,592.0,Salaried,2.0,1
1070.29,34.0,528.23,55.0,662.0,Salaried,,0
1230.38,22.0,1735.12,57.0,615.0,Salaried,1.0,1
781.83,54.0,707.78,14.0,661.0,Salaried,3.0,1
1186.36,50.0,290.06,55.0,792.0,Salaried,2.0,0
234.28,41.0,555.62,56.0,580.0,Salaried,1.0,1
511.82,33.0,781.95,60.0,567.0,Salaried,1.0,1
388.94,54.0,991.33,17.0,622.0,Self-Employed,,1
636.86,22.0,994.18,37.0,700.0,Self-Employed,1.0,1
450.88,38.0,1036.82,60.0,723.0,Student,1.0,1
552.17,53.0,574.3,55.0,711.0,Self-Employed,1.0,1
1537.66,59.0,919.15,39.0,762.0,Salaried,1.0,0
551.18,31.0,493.38,16.0,557.0,Salaried,1.0,1
737.91,47.0,583.12,,763.0,Salaried,3.0,0
534.21,28.0,478.8,20.0,658.0,Student,1.0,1
623.15,25.0,384.06,9.0,731.0,,2.0,1
601.81,35.0,1172.47,16.0,587.0,,2.0,1
750.76,56.0,1041.01,10.0,680.0,Salaried,2.0,1
1074.47,48.0,1141.83,47.0,697.0,Salaried,2.0,0
1367.35,40.0,813.76,38.0,761.0,Salaried,2.0,0
700.46,32.0,1071.88,34.0,569.0,Student,2.0,1
805.69,26.0,183.55,50.0,682.0,Salaried,2.0,1
337.48,31.0,1102.08,28.0,604.0,Salaried,2.0,1
574.21,27.0,861.99,28.0,715.0,Salaried,2.0,1
960.14,28.0,1019.49,17.0,734.0,Salaried,2.0,0
925.11,48.0,933.01,,770.0,Salaried,1.0,1
666.96,26.0,454.53,15.0,643.0,Self-Employed,2.0,1
934.61,22.0,275.69,38.0,745.0,Salaried,2.0,1
766.87,42.0,550.78,60.0,775.0,Salaried,1.0,0
1093.44,32.0,997.72,35.0,565.0,,3.0,0
693.4,39.0,1041.53,22.0,723.0,Salaried,1.0,0
502.24,26.0,321.22,43.0,747.0,Salaried,1.0,1
709.71,29.0,456.62,51.0,662.0,Salaried,3.0,0
138.61,38.0,546.87,31.0,595.0,Salaried,1.0,1
726.6,48.0,674.94,19.0,,Salaried,2.0,1
100.0,37.0,323.28,45.0,596.0,Self-Employed,1.0,1
253.46,42.0,302.28,16.0,668.0,Self-Employed,3.0,1
752.06,41.0,512.36,60.0,,Student,2.0,0
761.81,31.0,830.19,23.0,730.0,Salaried,2.0,1
335.53,32.0,386.79,25.0,636.0,Self-Employed,2.0,1
420.26,38.0,759.47,45.0,632.0,Self-Employed,2.0,1
1190.59,22.0,1170.49,6.0,687.0,Salaried,3.0,0
471.03,48.0,344.38,17.0,750.0,Salaried,3.0,1
1841.6,45.0,727.74,12.0,840.0,Salaried,2.0,0
599.42,33.0,1158.66,27.0,574.0,Self-Employed,3.0,1
735.79,35.0,653.61,36.0,702.0,Salaried,2.0,0
1346.64,34.0,599.22,15.0,604.0,Salaried,1.0,1
640.62,47.0,1207.22,24.0,751.0,Student,1.0,1
363.49,51.0,692.83,48.0,614.0,Salaried,2.0,1
567.97,25.0,1186.57,57.0,633.0,Student,1.0,1
589.41,37.0,950.14,6.0,639.0,Self-Employed,2.0,1
303.25,21.0,680.0,40.0,675.0,Self-Employed,1.0,1
527.96,39.0,967.89,7.0,703.0,Self-Employed,2.0,1
413.99,30.0,912.16,,714.0,Salaried,1.0,0
952.52,34.0,1157.31,54.0,680.0,Salaried,3.0,1
610.47,39.0,608.08,49.0,587.0,Self-Employed,1.0,1
520.89,33.0,814.42,18.0,731.0,Self-Employed,1.0,1
568.98,36.0,778.47,20.0,676.0,Salaried,2.0,1
670.81,51.0,1046.45,49.0,761.0,Salaried,2.0,1
816.75,53.0,441.19,51.0,630.0,Salaried,2.0,1
363.97,21.0,1155.94,21.0,568.0,,,1
356.43,36.0,963.22,6.0,678.0,Salaried,1.0,1
1042.39,54.0,339.08,30.0,771.0,Self-Employed,3.0,1
488.22,42.0,1222.89,40.0,691.0,Self-Employed,2.0,1
295.45,29.0,1581.93,30.0,666.0,Self-Employed,1.0,1
749.07,44.0,1150.64,57.0,619.0,Salaried,2.0,1
756.43,26.0,1299.44,50.0,803.0,Salaried,2.0,1
279.1,21.0,829.88,49.0,608.0,Salaried,2.0,1
672.95,46.0,218.47,7.0,629.0,Salaried,2.0,1
866.72,41.0,154.56,52.0,720.0,Salaried,2.0,1
723.52,51.0,889.28,47.0,,Salaried,2.0,0
822.97,34.0,592.81,27.0,769.0,Salaried,1.0,0
297.32,55.0,479.9,38.0,724.0,Salaried,1.0,0
708.0,37.0,778.04,51.0,743.0,Salaried,3.0,0
515.75,50.0,1015.45,55.0,719.0,Salaried,2.0,1
471.32,25.0,291.53,36.0,669.0,Salaried,2.0,1
927.24,24.0,642.89,8.0,606.0,Salaried,1.0,1
1257.11,52.0,1328.45,40.0,670.0,Salaried,2.0,0
1471.61,54.0,423.65,43.0,612.0,Salaried,1.0,0
1157.87,58.0,1104.42,,714.0,Salaried,1.0,1
567.97,33.0,630.34,50.0,736.0,Student,1.0,1
715.72,21.0,991.03,17.0,783.0,Salaried,2.0,1
880.37,60.0,1184.06,54.0,706.0,,2.0,1
637.48,45.0,1059.45,36.0,745.0,Salaried,1.0,0
640.54,30.0,1118.21,23.0,659.0,Self-Employed,1.0,1
905.79,51.0,396.94,9.0,647.0,Self-Employed,2.0,1
,57.0,1189.78,6.0,713.0,Salaried,,0
416.67,32.0,501.56,46.0,653.0,Self-Employed,2.0,1
487.7,51.0,890.84,26.0,699.0,Salaried,1.0,1
823.76,52.0,890.39,52.0,606.0,Self-Employed,2.0,1
600.9,41.0,969.79,18.0,618.0,Salaried,3.0,1
711.26,46.0,917.93,56.0,724.0,Salaried,2.0,1
838.8,31.0,504.67,57.0,742.0,Student,1.0,1
497.46,58.0,327.55,11.0,611.0,Self-Employed,2.0,1
875.73,60.0,,41.0,727.0,Salaried,1.0,1
725.13,60.0,865.04,57.0,643.0,Student,1.0,1
323.6,50.0,1202.28,23.0,681.0,Salaried,1.0,1
1234.08,22.0,784.34,9.0,779.0,Salaried,3.0,0
467.11,35.0,308.19,54.0,737.0,Self-Employed,2.0,1
262.27,38.0,1138.15,32.0,736.0,Salaried,3.0,1
355.81,59.0,670.37,7.0,814.0,Salaried,2.0,0
360.11,42.0,919.7,52.0,631.0,Self-Employed,2.0,1
615.86,42.0,573.39,43.0,611.0,Salaried,1.0,1
523.22,26.0,1375.51,9.0,629.0,Salaried,2.0,1
507.0,,493.2,20.0,662.0,Salaried,1.0,1
817.93,34.0,681.9,7.0,515.0,Self-Employed,2.0,1
711.14,24.0,,58.0,665.0,Salaried,1.0,1
702.72,60.0,417.74,,642.0,Salaried,1.0,1
736.45,28.0,915.68,49.0,735.0,Self-Employed,2.0,1
816.48,21.0,1364.17,34.0,705.0,Salaried,1.0,1
209.13,24.0,628.34,38.0,638.0,Salaried,1.0,1
500.05,39.0,938.3,50.0,721.0,Self-Employed,3.0,1
201.71,25.0,50.0,55.0,731.0,Self-Employed,1.0,1
610.92,54.0,786.37,13.0,626.0,Salaried,1.0,1
598.61,41.0,690.44,6.0,645.0,Self-Employed,1.0,1
1012.01,33.0,513.53,12.0,524.0,Self-Employed,1.0,1
1086.53,21.0,1178.51,43.0,604.0,Salaried,2.0,1
664.02,40.0,685.81,37.0,628.0,Self-Employed,1.0,1
467.2,27.0,737.88,10.0,685.0,Self-Employed,2.0,1
764.72,60.0,667.98,18.0,614.0,Salaried,2.0,1
460.8,32.0,129.11,35.0,644.0,Salaried,1.0,1
599.58,39.0,403.8,46.0,594.0,Self-Employed,3.0,0
982.4,21.0,1136.38,24.0,692.0,Student,3.0,1
453.98,26.0,61.52,58.0,710.0,Salaried,1.0,1
897.64,29.0,531.79,60.0,708.0,Self-Employed,1.0,1
841.87,23.0,660.1,48.0,681.0,Self-Employed,1.0,1
372.24,50.0,1410.27,30.0,572.0,Self-Employed,1.0,1
976.4,58.0,1069.01,54.0,637.0,Student,2.0,1
850.83,60.0,604.99,46.0,651.0,,2.0,1
631.37,31.0,1256.58,34.0,652.0,Salaried,2.0,1
409.84,52.0,540.82,30.0,685.0,Salaried,1.0,1
390.46,41.0,1153.18,51.0,780.0,Salaried,1.0,1
458.56,22.0,324.39,36.0,737.0,Salaried,3.0,1
787.0,24.0,1175.64,16.0,611.0,Self-Employed,3.0,1
,42.0,657.85,60.0,727.0,Student,1.0,1
,37.0,440.02,9.0,725.0,Salaried,2.0,0
322.48,21.0,724.0,44.0,624.0,Self-Employed,2.0,1
541.8,58.0,897.07,42.0,,Salaried,2.0,0
633.81,50.0,626.84,38.0,669.0,Salaried,2.0,0
2037.53,41.0,993.88,8.0,581.0,Salaried,3.0,1
301.35,60.0,595.95,33.0,712.0,Salaried,,1
1252.55,59.0,1017.13,55.0,695.0,Salaried,1.0,1
646.68,59.0,954.78,19.0,664.0,Self-Employed,3.0,0
736.95,31.0,778.68,,677.0,Salaried,1.0,1
636.58,56.0,645.52,53.0,630.0,Salaried,1.0,1
749.42,41.0,853.04,58.0,723.0,Salaried,2.0,1
555.62,50.0,992.59,34.0,677.0,Salaried,2.0,1
1241.35,55.0,1521.63,23.0,692.0,Student,2.0,1
477.56,27.0,1128.8,44.0,705.0,Student,2.0,1
1056.85,38.0,1141.6,,599.0,Salaried,2.0,1
434.74,26.0,1880.98,40.0,617.0,Salaried,1.0,1
582.19,32.0,980.59,46.0,525.0,Salaried,2.0,1
351.06,37.0,969.63,45.0,720.0,Self-Employed,2.0,1
753.28,55.0,1046.41,19.0,595.0,Salaried,3.0,1
1235.82,55.0,446.86,47.0,689.0,Salaried,1.0,1
577.24,36.0,644.63,35.0,706.0,Salaried,1.0,1
543.75,34.0,622.84,57.0,722.0,Salaried,2.0,1
343.65,42.0,1026.66,42.0,596.0,Salaried,1.0,1
535.01,57.0,739.04,55.0,675.0,Salaried,1.0,1
270.57,60.0,848.38,59.0,797.0,Self-Employed,,1
380.12,30.0,1180.61,60.0,800.0,Salaried,2.0,0
672.04,28.0,1102.1,46.0,749.0,Salaried,1.0,1
1160.3,49.0,743.4,38.0,704.0,Salaried,1.0,1
2444.35,33.0,565.5,12.0,610.0,Salaried,1.0,1
447.48,28.0,1197.35,27.0,730.0,Self-Employed,2.0,1
1229.77,22.0,1070.86,32.0,669.0,Student,2.0,0
677.77,37.0,237.81,48.0,719.0,Salaried,1.0,1
556.3,36.0,690.4,38.0,636.0,Self-Employed,1.0,1
744.88,43.0,857.93,,668.0,Self-Employed,1.0,1
618.87,29.0,1072.59,14.0,691.0,Self-Employed,1.0,1
634.05,49.0,1118.54,45.0,697.0,Salaried,1.0,1
489.2,48.0,899.37,29.0,715.0,Salaried,2.0,1
298.23,39.0,1004.84,7.0,639.0,Salaried,1.0,1
277.3,28.0,822.45,21.0,586.0,Student,1.0,1
831.77,41.0,564.15,54.0,794.0,,2.0,0
522.48,47.0,708.56,12.0,850.0,Salaried,2.0,0
445.36,35.0,806.65,28.0,711.0,Salaried,1.0,1
602.56,31.0,787.86,34.0,587.0,Salaried,1.0,1
892.83,41.0,140.05,,626.0,Salaried,1.0,1
656.62,35.0,660.88,15.0,716.0,Salaried,1.0,1
432.21,37.0,819.67,57.0,774.0,Salaried,2.0,1
1107.74,34.0,701.52,38.0,595.0,Self-Employed,1.0,1
1321.5,33.0,713.61,17.0,671.0,Self-Employed,2.0,1
768.32,49.0,970.8,15.0,694.0,Salaried,2.0,1
976.29,39.0,422.36,29.0,741.0,Self-Employed,1.0,0
1116.45,39.0,230.19,45.0,656.0,Salaried,1.0,1
1055.72,47.0,678.14,46.0,571.0,Self-Employed,1.0,1
815.65,35.0,1067.44,16.0,723.0,Self-Employed,1.0,1
809.25,25.0,1390.64,45.0,759.0,Salaried,2.0,1
778.03,55.0,1073.74,55.0,674.0,Salaried,1.0,1
346.63,23.0,286.11,18.0,708.0,Salaried,3.0,0
851.75,43.0,718.67,7.0,647.0,Salaried,2.0,1
304.61,31.0,889.82,58.0,621.0,Salaried,2.0,1
403.28,29.0,862.16,34.0,752.0,Salaried,2.0,1
1151.38,22.0,988.76,48.0,707.0,Self-Employed,2.0,1
913.28,57.0,479.03,23.0,714.0,Salaried,3.0,0
1262.22,38.0,822.73,22.0,785.0,Salaried,3.0,0
523.79,34.0,947.11,18.0,606.0,Salaried,1.0,1
337.24,50.0,1088.98,17.0,,Salaried,1.0,1
532.04,22.0,518.0,31.0,691.0,Student,1.0,1
631.4,43.0,679.2,11.0,640.0,Salaried,1.0,1
624.17,40.0,50.0,52.0,735.0,Salaried,2.0,0
1057.61,43.0,582.49,34.0,667.0,Salaried,1.0,1
500.84,25.0,616.45,56.0,,Salaried,2.0,1
715.48,59.0,,33.0,685.0,Salaried,2.0,0
365.99,30.0,857.96,22.0,692.0,Self-Employed,1.0,1
751.51,48.0,780.42,34.0,745.0,Salaried,2.0,0
600.93,50.0,50.0,14.0,708.0,Salaried,1.0,1
412.41,34.0,875.43,51.0,712.0,Salaried,2.0,1
533.26,26.0,475.09,45.0,702.0,Self-Employed,2.0,1
547.22,32.0,969.99,14.0,667.0,Salaried,1.0,1
524.19,53.0,351.35,38.0,630.0,Salaried,2.0,1
,57.0,810.5,35.0,700.0,Self-Employed,1.0,1
571.18,58.0,700.89,17.0,657.0,Self-Employed,2.0,1
531.12,30.0,906.09,12.0,798.0,Salaried,2.0,1
210.23,,843.64,47.0,774.0,Student,2.0,1
383.69,27.0,710.69,20.0,724.0,Self-Employed,2.0,1
526.05,49.0,262.3,34.0,706.0,Salaried,3.0,1
425.81,37.0,282.98,19.0,674.0,Self-Employed,2.0,1
1197.25,49.0,595.64,41.0,592.0,Salaried,2.0,0
552.5,48.0,797.1,8.0,665.0,Salaried,2.0,1
1142.7,,587.11,25.0,687.0,Salaried,2.0,0
618.8,40.0,1018.82,36.0,696.0,Self-Employed,2.0,0
611.27,34.0,702.27,30.0,713.0,Salaried,3.0,1
573.94,42.0,462.25,39.0,744.0,Salaried,1.0,0
601.14,27.0,702.67,15.0,632.0,Salaried,1.0,1
1417.04,25.0,879.05,30.0,632.0,Salaried,1.0,0
188.13,41.0,913.71,47.0,782.0,Student,1.0,1
220.56,54.0,1457.43,24.0,734.0,Self-Employed,1.0,1
457.3,42.0,565.88,14.0,653.0,Salaried,1.0,0
604.37,,774.28,52.0,672.0,Self-Employed,,1
847.24,28.0,949.14,48.0,673.0,Self-Employed,1.0,0
760.12,38.0,791.8,43.0,682.0,Salaried,1.0,1
495.12,45.0,624.78,49.0,713.0,Salaried,2.0,1
998.7,34.0,257.76,48.0,850.0,Salaried,1.0,0
1004.28,21.0,621.21,47.0,693.0,Salaried,2.0,1
657.84,23.0,424.2,34.0,726.0,Salaried,2.0,1
970.93,58.0,195.69,7.0,562.0,Salaried,3.0,1
687.63,45.0,521.51,38.0,646.0,Student,2.0,1
453.13,31.0,433.52,21.0,766.0,Salaried,1.0,1
850.51,31.0,1004.33,48.0,708.0,Self-Employed,1.0,1
634.12,22.0,1010.38,31.0,373.0,Student,3.0,1
600.4,58.0,483.64,55.0,727.0,Salaried,2.0,0
1253.14,25.0,708.92,38.0,814.0,Salaried,2.0,1
176.18,51.0,149.62,36.0,540.0,Self-Employed,2.0,1
295.33,30.0,626.98,56.0,786.0,Self-Employed,1.0,1
331.42,34.0,939.64,32.0,486.0,Salaried,2.0,1
500.35,31.0,1088.73,26.0,746.0,Self-Employed,2.0,1
528.28,53.0,550.43,26.0,679.0,Salaried,3.0,1
282.38,22.0,1168.15,54.0,516.0,Self-Employed,1.0,1
366.63,35.0,269.51,47.0,711.0,Self-Employed,2.0,1
390.14,32.0,363.33,14.0,761.0,Salaried,1.0,0
2050.1,31.0,1048.38,33.0,705.0,Salaried,3.0,1
1477.05,28.0,1384.89,26.0,721.0,Salaried,1.0,0
488.36,57.0,972.7,41.0,651.0,Student,2.0,1
500.27,36.0,785.88,8.0,550.0,Student,1.0,1
337.76,37.0,50.0,45.0,728.0,Self-Employed,2.0,0
231.1,36.0,92.14,46.0,802.0,Salaried,2.0,0
565.94,60.0,845.29,18.0,759.0,Salaried,1.0,1
364.31,34.0,674.68,14.0,541.0,Salaried,3.0,1
575.08,34.0,412.96,40.0,574.0,Salaried,3.0,1
269.57,34.0,822.94,20.0,621.0,Salaried,3.0,1
409.91,34.0,840.3,57.0,568.0,Self-Employed,1.0,1
646.29,24.0,1130.55,48.0,683.0,Salaried,2.0,1
720.56,45.0,847.81,58.0,708.0,Salaried,2.0,1
739.27,22.0,1229.94,35.0,580.0,Student,2.0,1
310.03,30.0,802.8,57.0,734.0,Self-Employed,,1
919.91,29.0,759.63,6.0,722.0,Salaried,2.0,1
402.15,32.0,1172.51,21.0,642.0,Student,1.0,1
823.33,51.0,457.55,6.0,668.0,Salaried,2.0,0
596.82,44.0,1785.06,43.0,544.0,,1.0,1
301.49,60.0,931.34,34.0,657.0,Self-Employed,1.0,1
512.26,35.0,933.29,21.0,681.0,,1.0,1
720.26,58.0,983.78,22.0,692.0,Salaried,1.0,1
815.18,22.0,1457.0,41.0,707.0,Salaried,2.0,1
559.16,41.0,1077.38,15.0,697.0,Salaried,2.0,1
,52.0,238.23,34.0,661.0,,1.0,1
992.95,42.0,1291.21,39.0,700.0,Self-Employed,2.0,1
527.74,58.0,680.69,19.0,750.0,Salaried,3.0,0
873.05,33.0,837.5,18.0,673.0,Salaried,3.0,1
1577.86,22.0,352.26,25.0,702.0,Salaried,3.0,1
1599.06,51.0,984.17,38.0,667.0,Salaried,3.0,1
324.71,23.0,572.02,19.0,635.0,Salaried,2.0,1
377.53,51.0,835.06,26.0,717.0,Salaried,3.0,0
1260.66,50.0,700.57,35.0,641.0,Salaried,3.0,1
353.47,54.0,1473.75,16.0,707.0,Salaried,1.0,1
309.72,40.0,1493.79,37.0,682.0,Self-Employed,3.0,1
470.52,56.0,816.28,13.0,659.0,Student,2.0,1
740.29,27.0,822.39,13.0,657.0,Salaried,2.0,0
570.05,38.0,669.29,19.0,644.0,Salaried,3.0,1
433.39,25.0,1187.1,21.0,565.0,Salaried,,1
428.3,51.0,684.88,7.0,707.0,Salaried,2.0,1
420.21,49.0,652.53,58.0,696.0,Salaried,2.0,1
,53.0,1142.51,22.0,739.0,Student,2.0,1
1877.59,51.0,611.6,50.0,643.0,Self-Employed,3.0,1
696.23,33.0,786.79,55.0,813.0,Salaried,3.0,1
934.78,23.0,246.54,50.0,653.0,Student,2.0,1
469.84,58.0,1046.47,51.0,619.0,Salaried,3.0,1
546.73,40.0,1479.3,11.0,610.0,Salaried,1.0,1
419.96,24.0,1052.43,26.0,559.0,Salaried,3.0,1
159.35,58.0,1311.63,47.0,787.0,Salaried,1.0,1
301.25,60.0,503.86,37.0,776.0,Self-Employed,2.0,0
242.65,38.0,882.71,6.0,722.0,Salaried,1.0,1
194.81,51.0,469.89,37.0,617.0,Self-Employed,2.0,1
,22.0,720.28,50.0,807.0,Salaried,1.0,1
1163.76,24.0,1070.27,51.0,655.0,Student,1.0,0
586.82,32.0,835.64,27.0,661.0,Salaried,2.0,1
1143.91,47.0,305.58,18.0,781.0,Salaried,2.0,0
736.88,26.0,339.74,23.0,,Salaried,1.0,1
887.32,22.0,316.59,22.0,834.0,Student,2.0,0
382.41,47.0,,25.0,697.0,Salaried,1.0,1
779.7,51.0,1522.36,22.0,652.0,Salaried,1.0,0
863.75,50.0,1276.86,31.0,637.0,Self-Employed,1.0,1
449.71,52.0,136.41,8.0,551.0,Salaried,2.0,0
793.7,53.0,1297.38,21.0,660.0,Salaried,2.0,1
796.34,45.0,1127.74,23.0,760.0,Salaried,2.0,0
455.85,41.0,259.15,14.0,722.0,Salaried,3.0,1
342.25,55.0,693.88,54.0,681.0,Salaried,2.0,1
331.91,34.0,1183.43,43.0,610.0,Salaried,2.0,1
626.52,24.0,992.65,56.0,696.0,Salaried,3.0,1
706.58,51.0,341.82,36.0,751.0,Salaried,1.0,1
403.7,32.0,1013.76,12.0,710.0,Salaried,1.0,1
608.03,60.0,51.87,55.0,692.0,Student,1.0,0
798.07,37.0,722.01,31.0,624.0,Salaried,2.0,1
817.32,55.0,1198.28,43.0,741.0,Salaried,2.0,1
1303.58,22.0,806.44,26.0,461.0,Salaried,1.0,1
1136.17,47.0,625.37,33.0,707.0,Self-Employed,3.0,1
363.68,38.0,1111.27,32.0,850.0,Salaried,3.0,1
1392.31,39.0,1141.16,21.0,574.0,Salaried,1.0,1
460.1,31.0,1258.51,36.0,663.0,Self-Employed,1.0,1
1011.68,59.0,1106.02,46.0,679.0,Salaried,1.0,0
620.75,36.0,1178.48,7.0,648.0,Self-Employed,1.0,1
488.26,55.0,1056.52,13.0,753.0,Self-Employed,3.0,1
243.0,38.0,892.94,52.0,713.0,Self-Employed,2.0,1
550.68,22.0,,37.0,691.0,Salaried,1.0,1
275.13,56.0,716.96,59.0,736.0,Salaried,2.0,1
973.19,28.0,375.67,39.0,681.0,Salaried,1.0,0
1280.91,31.0,465.64,41.0,850.0,Self-Employed,2.0,0
402.81,55.0,701.29,55.0,691.0,Student,2.0,1
697.79,56.0,884.51,42.0,694.0,Student,2.0,0
417.48,57.0,1304.28,24.0,560.0,Salaried,2.0,1
438.21,38.0,785.37,35.0,642.0,Self-Employed,3.0,1
883.75,51.0,1151.22,18.0,760.0,Salaried,1.0,1
588.55,,1177.76,24.0,587.0,Self-Employed,2.0,1
1431.89,50.0,718.99,43.0,529.0,Salaried,1.0,1
471.45,41.0,1008.14,14.0,682.0,Salaried,1.0,1
988.9,23.0,714.77,42.0,776.0,Salaried,3.0,0
629.95,37.0,1262.75,38.0,683.0,Student,2.0,1
893.21,39.0,1022.55,22.0,656.0,Salaried,1.0,1
479.79,31.0,383.33,8.0,550.0,Salaried,2.0,1
585.32,35.0,856.53,44.0,712.0,Salaried,2.0,1
566.33,41.0,1376.84,51.0,726.0,Salaried,3.0,1
395.01,22.0,736.57,46.0,555.0,Student,2.0,1
835.45,27.0,956.7,29.0,759.0,Salaried,1.0,0
830.52,51.0,991.06,41.0,734.0,Salaried,2.0,0
807.31,35.0,437.18,28.0,759.0,Self-Employed,1.0,1
1293.9,45.0,978.75,25.0,721.0,Salaried,1.0,0
1238.43,43.0,312.16,23.0,726.0,Salaried,2.0,0
497.43,43.0,581.03,17.0,716.0,Salaried,2.0,1
723.03,37.0,1176.5,59.0,741.0,Salaried,1.0,1
439.28,40.0,924.86,42.0,553.0,Salaried,2.0,1
607.05,53.0,693.43,15.0,575.0,Salaried,2.0,0
444.55,59.0,956.26,53.0,628.0,Salaried,2.0,1
1348.79,31.0,778.97,14.0,671.0,Self-Employed,1.0,1
719.66,47.0,804.4,38.0,707.0,Self-Employed,1.0,1
538.03,59.0,1029.89,15.0,703.0,Self-Employed,1.0,1
1089.79,21.0,545.42,25.0,758.0,Salaried,1.0,1
202.68,52.0,814.12,,760.0,Salaried,1.0,1
219.18,40.0,690.71,60.0,619.0,Student,1.0,1
893.23,59.0,245.04,60.0,697.0,Self-Employed,1.0,0
618.42,44.0,477.84,55.0,621.0,Salaried,1.0,0
680.04,54.0,1348.87,,667.0,Salaried,3.0,1
309.12,27.0,934.65,11.0,703.0,Salaried,,1
593.07,26.0,336.74,55.0,441.0,Salaried,1.0,1
1633.83,,260.88,56.0,849.0,Salaried,3.0,0
905.99,42.0,760.74,21.0,720.0,Salaried,1.0,1
653.13,43.0,1346.42,7.0,638.0,Student,2.0,1
481.74,27.0,734.63,41.0,815.0,Salaried,3.0,0
492.57,30.0,1257.45,10.0,656.0,Salaried,2.0,1
206.92,53.0,923.18,8.0,689.0,Salaried,1.0,1
682.49,33.0,964.94,57.0,646.0,Self-Employed,1.0,1
915.68,44.0,332.5,33.0,796.0,Self-Employed,2.0,1
272.9,33.0,1128.13,12.0,673.0,Salaried,2.0,1
431.05,31.0,682.77,42.0,690.0,Salaried,2.0,1
336.37,27.0,1102.08,26.0,764.0,Self-Employed,2.0,1
370.28,58.0,515.04,35.0,721.0,Self-Employed,1.0,0
616.26,58.0,861.97,55.0,676.0,Salaried,2.0,1
211.61,25.0,923.2,19.0,758.0,Self-Employed,1.0,1
815.71,35.0,746.09,41.0,850.0,Salaried,3.0,1
874.68,43.0,941.59,51.0,702.0,Salaried,2.0,1
529.21,36.0,706.76,29.0,688.0,Salaried,2.0,1
173.57,49.0,572.83,59.0,692.0,Salaried,2.0,1
364.57,31.0,,30.0,772.0,Salaried,1.0,1
1111.41,23.0,1167.13,31.0,638.0,Salaried,1.0,1
149.6,34.0,533.7,54.0,661.0,Self-Employed,2.0,1
504.3,44.0,998.96,40.0,572.0,Salaried,2.0,1
332.6,28.0,540.06,53.0,597.0,Student,2.0,1
897.14,53.0,385.36,49.0,644.0,Salaried,3.0,0
428.11,21.0,1161.83,45.0,676.0,Salaried,1.0,1
,23.0,203.57,19.0,804.0,Student,1.0,0
796.05,41.0,1124.4,27.0,718.0,Self-Employed,2.0,1
1502.74,41.0,711.55,53.0,616.0,Salaried,1.0,1
542.1,32.0,725.96,39.0,629.0,,1.0,1
724.12,31.0,943.41,21.0,776.0,Salaried,3.0,1
285.55,23.0,1003.42,24.0,759.0,Salaried,3.0,1
1088.04,47.0,510.78,48.0,682.0,Salaried,3.0,0
410.21,36.0,,15.0,649.0,,1.0,1
453.3,25.0,839.68,12.0,759.0,Salaried,1.0,0
593.36,36.0,360.38,48.0,610.0,Salaried,2.0,0
274.65,,740.54,21.0,707.0,Student,3.0,1
672.71,31.0,1283.45,48.0,839.0,Self-Employed,1.0,1
973.27,56.0,1386.81,35.0,694.0,Self-Employed,1.0,1
694.64,31.0,1051.07,60.0,626.0,Self-Employed,1.0,0
271.1,28.0,383.38,34.0,709.0,Salaried,2.0,1
563.98,31.0,971.71,53.0,647.0,Salaried,2.0,1
869.52,33.0,1097.8,52.0,582.0,Self-Employed,2.0,1
234.61,25.0,1054.0,17.0,729.0,Salaried,1.0,1
350.57,44.0,1074.73,60.0,758.0,Salaried,2.0,1
930.02,34.0,927.14,47.0,658.0,Salaried,2.0,1
686.75,49.0,774.66,11.0,654.0,Salaried,1.0,1
737.24,40.0,587.07,6.0,,Salaried,1.0,1
1520.32,38.0,135.72,20.0,670.0,Salaried,2.0,0
758.4,39.0,918.87,6.0,641.0,Salaried,1.0,1
833.7,27.0,865.12,25.0,609.0,Salaried,3.0,1
2326.92,49.0,995.15,60.0,812.0,Student,2.0,0
539.17,25.0,331.86,32.0,713.0,Salaried,1.0,0
402.62,49.0,1025.76,7.0,720.0,Self-Employed,2.0,1
743.1,60.0,1519.09,33.0,742.0,Self-Employed,2.0,1
747.27,51.0,827.46,18.0,734.0,Salaried,1.0,1
461.08,39.0,778.42,53.0,651.0,Self-Employed,2.0,1
358.07,33.0,908.15,10.0,699.0,Salaried,1.0,0
1904.27,55.0,1511.32,48.0,661.0,Salaried,1.0,1
706.52,31.0,441.72,30.0,711.0,Salaried,2.0,1
416.04,40.0,871.12,7.0,704.0,Student,2.0,1
948.51,51.0,520.12,43.0,,Student,1.0,1
568.13,57.0,608.55,31.0,587.0,Salaried,1.0,1
528.74,57.0,782.64,48.0,690.0,Salaried,2.0,1
794.78,24.0,1271.56,39.0,666.0,Salaried,1.0,1
314.5,56.0,1430.35,49.0,548.0,Self-Employed,3.0,1
715.69,25.0,956.85,31.0,716.0,Salaried,2.0,1
1561.51,44.0,668.19,6.0,748.0,Salaried,3.0,1
757.5,58.0,1672.46,13.0,850.0,Self-Employed,1.0,1
497.12,47.0,650.36,31.0,653.0,Salaried,3.0,1
465.62,58.0,600.1,27.0,642.0,Salaried,1.0,1
488.71,34.0,178.77,49.0,602.0,Salaried,1.0,1
528.45,33.0,1288.63,28.0,695.0,Salaried,1.0,1
496.72,34.0,1138.89,53.0,694.0,Salaried,1.0,1
948.69,35.0,1646.23,16.0,623.0,Salaried,3.0,1
252.23,48.0,313.67,27.0,668.0,Salaried,2.0,1
923.28,39.0,1310.36,47.0,541.0,Student,2.0,1
496.25,50.0,824.55,12.0,745.0,Salaried,2.0,0
724.44,37.0,1082.14,23.0,626.0,Student,2.0,1
341.53,33.0,223.28,47.0,678.0,Salaried,2.0,0
1165.9,28.0,1313.83,38.0,580.0,Self-Employed,3.0,1
1118.5,43.0,1075.28,48.0,639.0,Salaried,2.0,1
969.45,56.0,786.38,34.0,660.0,Self-Employed,2.0,1
281.34,55.0,1025.79,53.0,679.0,Salaried,1.0,1
908.22,31.0,532.08,54.0,714.0,Salaried,3.0,1
734.62,40.0,597.2,59.0,781.0,Salaried,1.0,0
268.89,49.0,637.79,12.0,731.0,Salaried,1.0,1
592.75,45.0,151.55,38.0,747.0,Student,3.0,1
719.96,23.0,1101.62,12.0,781.0,Student,1.0,1
792.32,44.0,1217.06,18.0,720.0,Self-Employed,1.0,0
655.61,22.0,554.53,22.0,677.0,Salaried,1.0,1
694.05,25.0,921.87,41.0,751.0,Self-Employed,2.0,0
1253.55,47.0,707.06,29.0,755.0,Self-Employed,3.0,0
1107.6,25.0,914.9,53.0,725.0,Salaried,3.0,1
143.08,34.0,580.35,22.0,578.0,Salaried,2.0,1
511.94,44.0,490.8,39.0,621.0,Self-Employed,3.0,1
552.58,47.0,1168.23,47.0,661.0,Salaried,2.0,1
249.85,38.0,777.65,59.0,735.0,Salaried,3.0,1
628.93,24.0,1507.74,19.0,679.0,Self-Employed,1.0,1
1120.25,52.0,816.21,46.0,760.0,Salaried,2.0,1
348.5,58.0,475.87,10.0,772.0,Salaried,1.0,0
709.9,56.0,1229.43,35.0,764.0,,1.0,0
379.56,50.0,1020.78,28.0,764.0,Self-Employed,2.0,1
428.79,37.0,1054.41,58.0,607.0,Student,,1
1255.92,56.0,1216.71,48.0,714.0,Self-Employed,2.0,1
457.44,40.0,571.52,56.0,637.0,Salaried,2.0,1
756.0,26.0,755.46,52.0,565.0,Salaried,1.0,1
235.41,55.0,739.99,28.0,660.0,Salaried,2.0,1
,33.0,348.24,46.0,773.0,Salaried,2.0,0
810.99,58.0,707.74,7.0,712.0,Salaried,3.0,1
547.67,35.0,1267.73,36.0,821.0,Self-Employed,1.0,1
800.07,55.0,883.07,8.0,692.0,Self-Employed,3.0,0
296.49,42.0,328.88,45.0,850.0,Salaried,3.0,1
1083.76,39.0,255.46,59.0,692.0,Self-Employed,2.0,1
510.27,32.0,1382.67,,682.0,Self-Employed,1.0,1
541.8,54.0,768.39,52.0,590.0,Salaried,2.0,1
469.23,23.0,573.41,18.0,758.0,Salaried,3.0,0
448.81,39.0,704.1,60.0,645.0,Salaried,1.0,1
849.17,35.0,282.94,36.0,635.0,Salaried,3.0,1
681.9,42.0,1298.08,43.0,770.0,Salaried,3.0,1
831.14,31.0,662.43,48.0,761.0,Salaried,2.0,1
597.37,47.0,1278.59,41.0,759.0,Salaried,2.0,0
775.52,36.0,818.08,23.0,655.0,Salaried,2.0,1
486.63,28.0,1300.34,39.0,676.0,Self-Employed,2.0,1
1829.5,28.0,889.84,41.0,676.0,,3.0,1
273.96,48.0,1098.63,53.0,735.0,Salaried,1.0,1
1127.09,31.0,1051.68,32.0,789.0,,1.0,0
1189.02,33.0,1018.15,33.0,706.0,Salaried,1.0,1
391.84,46.0,,33.0,818.0,Salaried,3.0,1
1829.08,34.0,718.5,12.0,743.0,Salaried,1.0,1
987.0,36.0,1470.4,10.0,664.0,Salaried,3.0,1
975.06,30.0,482.57,,738.0,Salaried,2.0,1
608.47,34.0,801.51,42.0,799.0,Student,1.0,1
538.25,48.0,805.21,29.0,820.0,Salaried,3.0,0
540.35,42.0,940.85,53.0,763.0,Self-Employed,2.0,1
729.38,,649.68,44.0,682.0,Salaried,1.0,1
1208.97,51.0,910.16,13.0,665.0,Salaried,1.0,0
656.94,21.0,740.91,11.0,720.0,Student,1.0,0
380.39,36.0,246.32,26.0,797.0,Salaried,1.0,0
906.09,32.0,803.34,56.0,710.0,Salaried,1.0,1
950.99,44.0,414.8,8.0,712.0,Student,2.0,0
832.36,31.0,192.96,16.0,684.0,Salaried,1.0,1
871.03,59.0,847.91,7.0,657.0,Salaried,1.0,0
523.99,32.0,970.76,28.0,669.0,Salaried,1.0,1
377.07,41.0,984.34,60.0,689.0,Salaried,2.0,1
388.71,25.0,998.51,43.0,800.0,Salaried,3.0,1
264.86,57.0,123.59,33.0,663.0,Salaried,1.0,1
675.47,57.0,323.64,13.0,684.0,Self-Employed,1.0,0
575.48,52.0,1490.73,25.0,619.0,Self-Employed,2.0,1
481.51,35.0,433.48,34.0,730.0,Salaried,3.0,0
136.88,23.0,1013.79,21.0,776.0,Salaried,2.0,1
321.59,49.0,559.57,44.0,794.0,Self-Employed,3.0,0
1050.85,38.0,827.89,59.0,694.0,Student,3.0,0
430.36,60.0,578.36,17.0,720.0,Salaried,2.0,1
718.54,48.0,996.54,,669.0,Salaried,3.0,1
299.34,42.0,847.87,12.0,,Self-Employed,1.0,1
1231.86,60.0,643.1,45.0,702.0,Self-Employed,3.0,0
558.31,53.0,432.44,31.0,684.0,Student,3.0,1
693.64,39.0,893.72,21.0,690.0,Salaried,3.0,1
1919.5,21.0,375.55,18.0,712.0,Salaried,2.0,0
,24.0,,9.0,659.0,Salaried,2.0,1
514.73,38.0,1719.27,32.0,663.0,Salaried,1.0,1
446.0,43.0,1272.56,43.0,800.0,Self-Employed,2.0,1
509.87,22.0,1051.42,18.0,850.0,Salaried,1.0,1
774.24,26.0,770.04,6.0,596.0,Salaried,2.0,1
569.25,49.0,121.44,32.0,592.0,Student,2.0,1
492.41,51.0,337.2,43.0,613.0,Student,1.0,0
1249.53,22.0,1248.98,24.0,673.0,Self-Employed,1.0,1
566.7,41.0,523.59,19.0,743.0,Student,1.0,1
1894.53,24.0,555.26,14.0,721.0,Salaried,2.0,1
627.85,49.0,742.02,47.0,692.0,Salaried,2.0,1
1464.97,54.0,428.28,53.0,717.0,Salaried,2.0,0
717.37,55.0,370.63,48.0,632.0,Student,1.0,1
971.08,44.0,782.33,34.0,663.0,Student,3.0,1
417.64,46.0,487.96,45.0,679.0,Salaried,2.0,1
391.53,58.0,540.64,27.0,569.0,Salaried,1.0,1
755.05,45.0,526.58,7.0,599.0,Salaried,1.0,1
983.59,38.0,982.83,26.0,601.0,Salaried,2.0,1
612.2,51.0,718.76,44.0,733.0,Self-Employed,1.0,1
315.37,44.0,737.5,41.0,697.0,Salaried,1.0,1
303.93,54.0,1008.93,60.0,723.0,Self-Employed,1.0,1
293.94,41.0,750.29,60.0,551.0,Salaried,1.0,1
247.92,55.0,702.61,19.0,576.0,Salaried,1.0,1
633.76,22.0,964.66,6.0,726.0,Salaried,1.0,1
1053.06,22.0,1033.87,21.0,485.0,Student,3.0,1
595.99,24.0,748.52,54.0,766.0,Salaried,2.0,1
193.78,43.0,828.21,50.0,552.0,Salaried,2.0,1
545.42,49.0,526.37,11.0,739.0,Salaried,2.0,1
553.1,29.0,498.76,14.0,618.0,Student,2.0,1
1711.16,27.0,1069.2,36.0,753.0,Self-Employed,1.0,0
289.56,55.0,955.73,42.0,850.0,Self-Employed,1.0,1
493.53,51.0,959.35,60.0,521.0,Salaried,1.0,1
1407.9,46.0,898.3,47.0,,Self-Employed,2.0,1
751.39,40.0,,17.0,553.0,Salaried,2.0,1
795.19,37.0,1043.74,8.0,710.0,Self-Employed,1.0,1
635.38,21.0,1127.29,40.0,666.0,Salaried,2.0,1
707.62,28.0,1118.93,36.0,689.0,Salaried,3.0,0
885.13,56.0,764.73,,616.0,Student,1.0,1
400.29,34.0,1285.45,37.0,735.0,Student,2.0,1
930.72,49.0,879.96,33.0,579.0,Salaried,2.0,1
302.0,49.0,1021.33,22.0,767.0,Salaried,2.0,1
707.06,33.0,898.73,10.0,651.0,Self-Employed,2.0,1
656.09,29.0,886.45,54.0,582.0,,2.0,1
440.88,48.0,542.49,51.0,792.0,Self-Employed,1.0,1
593.23,24.0,1045.47,14.0,675.0,Salaried,2.0,0
439.51,40.0,1795.85,44.0,814.0,Salaried,3.0,1
351.1,56.0,668.82,26.0,765.0,Self-Employed,1.0,0
502.76,49.0,824.85,30.0,624.0,Self-Employed,3.0,1
345.48,51.0,,52.0,674.0,Self-Employed,1.0,1
,24.0,629.19,52.0,688.0,Self-Employed,2.0,0
337.61,28.0,1340.56,16.0,,Salaried,2.0,1
856.55,32.0,564.46,22.0,711.0,Salaried,2.0,1
332.35,32.0,634.07,51.0,692.0,Self-Employed,3.0,1
