Salary,Spending
57450.71229516849,14492.772801235475
47926.03548243223,15653.986461732
59715.32807151039,15200.65373820626
72845.44784612038,22082.9051450863
46487.69937914996,5776.472512734485
46487.945645762295,17530.50959506965
73688.19223261088,21410.948968202814
61511.52093729363,14797.535285066717
42957.88421097572,17231.071329951825
58138.40065378947,25525.729852444216
43048.734607813065,8016.909438281594
43014.05369644615,10217.864596991842
53629.43407349051,12978.970202125389
21300.79633013303,6586.85045590928
24126.23251230451,11160.012701782034
41565.68706138541,13084.930345925175
34807.53319498364,11040.715257034622
54713.709988929106,8146.406567449931
36379.638867181835,14707.826934156104
28815.44447997063,6985.56395263834
71984.7315338233,26196.779478211287
46613.355492701965,15853.2709923789
51012.92307031886,22393.15141696952
28628.77720679815,7625.230065828681
41834.25913212226,1239.7292804224203
51663.83884564799,18130.75145115184
32735.09633866546,16933.36322202874
55635.47027518508,25323.777240939115
40990.419651217926,16755.066749055306
45624.593753100846,14246.436460169749
40974.40081655905,18461.680235126598
77784.17276763407,16346.376194988976
49797.541628930994,18160.253337104536
34134.3360656615,11126.610988628727
62338.173681547836,26501.226218637887
31687.345250434668,21207.536804196385
53132.95392507133,20541.854643626943
20604.948141803365,6911.254268212162
30077.209266523543,10923.942102274406
52952.91853803685,7829.216790915918
61076.99869993116,16284.759191945981
52570.524217849554,16385.416312358935
48265.27576417639,12334.168836730592
45483.444566160666,16637.643495338576
27822.17014448859,8990.935185405606
39202.33687407937,17740.302959923232
43090.41843560319,15628.718394198386
65856.83339328374,24510.455492484696
55154.27434352692,16633.459995036537
23554.39766955899,9825.16865909554
54861.25954092192,22246.913783084725
44223.76579375525,11613.604543499892
39846.169995410615,11791.780473557941
59175.14433261302,18150.08248101099
65464.99283743926,11809.059494993742
63969.20178674298,16156.395172958379
37411.73715166042,12904.092069497074
45361.81436223178,20023.568042767525
54968.95147105346,20895.94472559609
64633.17690683539,22404.174200917696
42812.38643232065,19236.513406200844
47215.115350042746,15795.199959717429
33404.97538990958,12374.92875753557
32056.90063878994,11604.69424868398
62187.88733591297,21314.901926099305
70343.60042856235,18370.865637952462
48919.848176294996,4934.62624891826
65052.99346838036,20939.616167829707
55424.54037571451,25323.645799011592
40323.203680923136,18885.744107159404
55420.934082626205,24548.609538794375
73070.54849698953,32248.911099121968
49462.60941335073,15739.721606881461
73469.6548372101,25345.663563786504
10703.823438653832,4104.0796342070735
62328.53756562836,18841.665838705787
51305.706023572566,20187.852504711747
45514.88974301199,19126.476804265258
51376.41164803253,16308.151629891396
20186.46628098661,6841.5477317291525
46704.92168243732,16647.603357210144
55356.6885726762,21236.888374017824
72168.41067112274,14909.127142689002
42225.94672589529,3060.30200709798
37872.595956602185,12587.920318781733
42473.64434623195,9332.963790261081
63731.03176553111,18740.464494242486
54931.266644895266,17747.4054677443
42053.59694349442,13849.562028240405
57699.01149670034,27302.93558145844
51456.16324022061,18019.531741414816
64529.674857993334,24718.358017554114
39469.203591839716,16183.08247612439
45085.067801033474,10612.641981013421
44118.377703017635,21054.657856256603
28047.275778018222,9169.729307452548
54441.80415596864,22578.249589851755
53915.82908269834,11805.846830581913
50076.70184963691,9110.12975204208
46481.1929993728,19818.285569881366
28769.438869243786,10213.518884412551
43690.320158519615,10387.166883798462
44859.282252098456,12907.61140532956
37965.84096167571,18548.7512808704
47580.71432500986,10552.267971246767
56060.762852218075,28270.302201801846
78292.78851815795,18142.38317852556
52618.66719247759,22501.316770766498
53863.25586084147,16188.57807647155
48883.311263507494,19845.41536557046
21218.431770514377,8357.035092372225
49602.291868261746,15295.82595152457
50903.4531491154,19038.117861997165
86948.6316872793,17840.24529900493
47114.58552828316,21254.38098797084
54523.210135004185,15186.082343662762
49479.32345442135,15470.00137322491
32469.82943570702,6622.303200225128
67142.34221772531,4483.799608456806
61278.99549030161,18173.293175773786
61865.47920564571,34877.75833602164
36359.18817807891,15623.202982535977
71041.91466404148,24133.53658833656
28972.234058115788,10137.620105279955
58802.85640700405,20080.63944241052
82856.83438714968,30294.786718910967
35141.955123039676,7512.225350879816
41505.53405595842,20875.436939876057
51494.77047631462,20397.069772300227
42447.86518825701,19439.112895032493
26740.04853400801,10951.439614997247
51028.44462209041,17410.922075851453
34065.44429410843,15582.130143611725
57103.88645952773,23782.547069628115
36208.63648649295,11469.84524528049
73249.01607526309,19384.885220684937
38251.20061495644,13809.052294360969
45169.07725691487,22885.46179484699
62202.758260545044,13844.54337645022
31537.03525349067,6837.200830899055
53411.899019061944,19522.47494518379
69607.14131423642,24874.716871966724
25887.75148158159,10596.377649601745
52769.507877984564,19429.834239289357
53898.24191372635,15447.540837428249
61727.34307665966,27084.00394736509
31445.73933682877,6787.936609232334
30193.150803735854,8461.62744887624
57829.12348425346,18236.84114286167
54454.77009849779,9632.014339753274
53757.39275518815,17121.46666868108
55196.72314245463,28857.568068084052
39799.62917632264,14109.127070053259
53483.80545741505,18532.0945881851
54396.08709948022,12454.189136200983
39284.72872960448,11146.928472512349
77986.61766717135,22996.49231758076
57107.49381367681,16840.446145658407
32130.44754196027,15107.286249375393
59848.30412950744,23376.345890296416
35379.77494659018,8694.447889617828
61806.26905613678,22545.261818147057
67378.93368511106,25301.99936746807
37689.76522472434,15767.764741953077
64450.64193866483,31089.104883962027
56191.71390404747,13947.344397072868
62330.90239991735,15347.74660158295
78451.89473980921,15423.248437959803
46319.17825995694,15798.16922685839
38693.95753463766,14700.739146807286
36657.28355561715,15073.681982327733
37762.845725518426,12881.409919279255
48843.47435878844,14606.621926305797
55117.279622249654,18405.386336290147
54150.36198995029,13547.401097426075
62407.74873554036,34254.171019579844
50195.02837816861,8979.5608640161
71803.01115735975,25174.377404660845
46030.147501430656,26937.141224539893
90802.53749884429,28959.626702160273
59385.01021647509,18965.304696077914
37142.63665375576,11305.931087228015
33936.612529083315,10722.435778093968
57237.08622864778,26444.002867569376
46648.05822011224,5197.752573057226
60710.007411381375,29881.95515801773
57098.56436860317,13348.05418455096
48907.56631014691,14652.094809389506
37298.094228973925,11171.803079520638
27277.291629712032,11725.478393718011
43302.275718994686,8466.23943255718
62845.981914852084,24021.914887822884
53211.40616195306,30019.153798760723
31313.91831932018,4699.151481776858
52597.71388776773,16390.195368806297
55779.76069593255,14545.529290522903
36742.138456983004,15684.742394338828
52305.87658918292,16226.269073395826
50873.13077669,10990.862151778661
32855.44553254065,14030.739194223177
55366.81040522425,28843.800315228724
58411.76789552352,17318.21916458259
66245.76864762916,25656.282805352028
65807.03078052355,12261.720179897748
29334.959480643633,8105.32092569004
35932.62440127316,13850.951778986848
57725.529008129895,28378.860907082828
57706.78926368313,18509.540573973223
57725.715294590715,16653.712849182924
107790.97235982082,33203.599737192635
58563.35766039751,11989.859085167183
67033.48460270898,25624.27450445696
64310.02645239804,27765.13797339956
59770.868769586974,15369.740663639539
45270.96133039481,13498.853885961584
61384.53830739901,22605.77915274937
38407.621781936425,13701.59732648745
46447.72089889987,15145.379375931016
42719.54678256345,24110.23895938823
51228.112090794835,14299.104805963776
84719.87850010264,21988.153931623143
21991.02211112378,8018.070392558853
60293.9028556177,24569.634406592017
25809.261932155227,10453.565053942562
42921.0220131585,10715.728267723245
66334.25895451049,31184.952209325587
50964.200286431944,26392.97111139879
33833.82833106041,10538.391322762736
39270.444361100475,6727.7294831533645
60193.96623402014,26131.370453666066
39044.50052424295,9469.365741067088
53246.878843729624,23539.471137766344
50683.5775985572,6609.024667540933
40225.99478591274,18162.8432797916
82159.16133987988,15133.82710058138
59508.78533477017,23021.864445111492
19622.861200135892,9349.953602168449
52796.814721541414,12455.245849358636
40073.20302847418,13844.111503797156
62786.50002194336,25066.872728801693
38112.188923509486,11995.345844402942
48278.95337799651,20197.23831690338
57574.80918470686,30061.86938949541
62986.327912551824,11742.003678313506
31995.553894163357,16798.23824586182
44982.481462385775,14421.045113285641
42875.82033258566,11173.430527776623
40200.06151139432,10908.372637155755
76481.81360421646,23991.10349216283
56074.725664414334,23933.02766479292
31086.740684974324,12004.856964471897
63767.92920582164,30977.36928805372
81832.3429551895,14883.926441166346
65486.97890826721,20475.301633059287
27209.4505106898,6988.989434429428
42736.48890700623,17410.425080322384
69003.66723779934,27984.88625360722
39384.958015718286,13582.814668087773
56657.291422193426,4150.711062449121
61619.510801440054,20823.992476938784
36096.04292632875,15402.89830591441
49107.119659072996,18430.716752927594
1380.9898989639114,3344.472129597869
34634.185379985654,8388.989812449066
46211.4777291026,18946.99631600091
31283.252270527257,15609.08722022721
74486.16955897454,11388.730289502737
28547.87933059051,9481.370194139203
43399.332699545244,11710.449247138939
51961.10865929137,18094.141735055175
71619.09933599173,25843.620873028012
28462.06773230841,8628.13577762957
67447.45628232439,16318.183756553222
50153.4959152938,16137.598766410598
35277.37023428074,6725.894678224149
56931.55211394906,12796.413924306944
52985.895433602054,20897.05122261119
40996.74684261808,8622.754338429197
51047.031274850284,20647.313464560757
44220.2960470736,17675.651836854842
51702.76017876872,10681.128844484003
59931.9601178157,14406.926843679283
73790.25224218029,34107.8201215171
31432.767517597265,9318.857012634906
81995.500619844,22011.65144877174
20718.68300716247,9376.17017446401
47723.22357446625,19597.925865063087
58824.75809726865,18353.444597236947
54214.87801602549,16534.2001863583
40659.50720269109,20586.74415710076
46878.16624464087,24723.700998851007
42604.985980117504,18521.609827088963
41159.52864583683,13214.967382118182
62744.03145531537,15543.356239765057
55355.23228947571,15216.23353886318
39606.35607109019,14424.226935269677
63493.99813149876,22649.68765680578
54609.49281314914,26163.17440902161
62192.931782584405,23718.564573235642
59444.432628854185,10105.83076816911
37565.07483616892,16797.572967471602
41597.284397045456,8961.906738934365
61209.40407684893,17038.434102954994
59155.55398150197,21930.167291948404
49686.47609053778,25514.341546511816
51759.91074963173,32027.011780140783
69164.97343682637,26315.86547838043
41126.42916746255,14316.461976396344
58206.460717550566,22376.184610427485
46967.110213491585,19794.613007793883
46734.78195159169,14566.160227058113
66481.65277980786,32133.65020409581
62381.245234820446,22644.289269269182
62202.644540009576,24140.322037706348
69582.18210731493,27098.99241571186
50315.05762449138,20221.657259821866
60229.294569424455,23994.171724774762
45345.99865109816,13932.712372128735
54862.49528732663,15550.25951731621
48047.85418448473,10791.798648840479
51454.93947489077,19678.059129169298
58927.3553815537,24161.008664867488
37726.689751497914,16265.31531166371
81385.8091352819,38967.0557710032
34909.73927750447,11690.86698827334
31787.17080818402,14698.19465781438
67371.66310250101,14260.993631970137
61874.94040944404,19067.838097853095
59361.79725578232,25636.812294579522
59425.1826389642,24471.56456575176
49816.29840729628,16161.817330092093
36541.18442771253,11547.030900270714
51137.068372905895,10333.892453394037
39842.574327318325,12729.700037166223
64626.796001266266,27615.338189715625
47794.13927746792,18441.812576494518
37617.54204811233,13507.56058147714
45179.2123752051,16281.889375695595
56193.97181413436,16834.479085447903
41544.13170794038,11402.642181357363
37666.69406650353,16873.44571724571
53655.30817237868,20547.233493931275
53674.49856663084,22691.578709913552
42395.85236943305,13513.69531032042
42934.425415725156,4981.175137622792
53480.74906036454,23939.192983780587
28278.734877540137,9082.15801392786
28888.043384351673,6591.845881694891
39223.33668121346,15546.6577722121
46798.292724322295,13644.17468285985
54663.61348397007,22156.858823847222
72130.34325424329,28137.08153781238
62864.89434803029,24907.647788011305
47600.922050548594,8105.307580517173
49714.75688145967,23343.78998845845
34962.05953043287,14117.876266356348
49722.30296011415,15307.594387514739
45670.120416197926,16031.824806631874
54840.778405071345,9302.663393007551
37591.53584671515,15493.869795654893
57790.197713617585,13695.7045859443
72991.08369503866,13199.425853497109
48368.597773147136,9423.742183012444
56025.67583148412,26237.09522013535
60352.159875666686,15711.278410083098
43981.692921712456,24038.04133195304
53361.38722715625,14623.674299480437
50188.88601172692,8520.033425373482
51465.14147823248,11020.848020877205
38404.853242168,18490.843198703897
50367.652613884144,14582.851564584811
57469.974368681746,15543.944824188937
71767.15411692562,23586.430302358523
64389.0623912781,24682.98905587155
82297.73686267334,36879.70780649126
38489.78655667926,19768.18477272763
63084.80955081017,16284.189854188422
52750.130086075274,12872.189884633797
82847.04399826509,23723.956500567412
37875.525719672725,13571.984677549772
37404.17236728836,9773.519129528006
41009.11031833967,10553.732171981537
18141.564135352895,7399.30551386374
42113.674674788585,14627.126139158509
38613.01007669453,13103.069806819341
52255.906797143114,13308.82389483744
55126.339636657394,16581.507952858577
78142.56258823829,16787.90285452081
64256.35757279075,27142.834483649058
41346.44516506395,19269.620971067983
36523.77992977463,6729.041656068239
57378.78757259758,14700.140905074233
30196.501894690366,6864.295929743264
77471.8814878153,19672.981227066222
67691.60181081931,22582.339424981754
42962.365218429426,7303.173289103031
24302.98206363684,6149.828986221362
70308.0856124812,15069.593525562348
48281.902321210735,18565.352850744333
68567.24467960192,23988.43693049159
26083.585118084495,8429.830481931313
41009.374655693406,16099.873601170922
50078.65549577275,13406.613504075278
50704.70890647113,16182.588462598536
43249.01792781134,22087.04689542572
59342.748985212485,28604.37117153351
33985.69355926108,7663.766867867446
47864.3077246806,19945.806206845307
51804.434475678485,22285.632825359633
57716.582510881235,13563.760635504968
60674.223171333346,24501.79150504129
33130.36862243196,16973.260052698395
26988.287438965664,6008.48940864382
69165.15232847763,13905.5624433244
54984.71017969387,24291.454766865107
38772.701951651696,15293.37661854153
73267.27963283785,28282.767345823082
51735.11951439288,17333.01651814281
67689.45776095739,24600.587401915134
51012.777221151635,8318.782689134394
80911.21887322981,36117.04198864884
76330.11263664806,32740.472794947163
46265.5377728139,16073.776327862743
64573.56426431533,22037.19276169656
59680.639243777216,9865.853970250228
70529.47336298523,25653.06876926266
35526.14809129843,15040.514382882468
60290.77189997659,18867.9530907966
65876.36730274382,29272.22632427169
23618.907703653287,7813.79079184834
32251.122310013372,11715.095755833663
19411.51733359849,3613.6639824576637
45958.89748333163,15906.110404739979
60763.133836939436,18607.951293952177
72535.35578144042,24841.795946079666
51111.42170629663,16140.585681839328
74429.23318356938,24523.671783653688
29298.47812677663,12937.191215087647
24449.26340967268,7926.323927575748
49166.78451655072,9351.155375954753
55760.98173408961,27127.21056299287
49509.578778588606,23915.5476421172
18988.36849940185,5794.600496373142
48663.19940730817,20635.528876552456
30432.957492427202,7662.43356403046
60045.08823245058,20834.28250919385
55498.973691452724,19404.3425741634
35901.80320508967,12028.86164426666
42291.9962399496,11853.641993554716
34111.79717166573,11374.689927413612
49059.813540902425,11728.158127783454
64327.134807518574,15449.694011473597
35214.10930496684,13477.342445496924
57560.697732767665,15444.821820119298
42046.13572441339,18749.257601118923
38106.907516064835,19388.235427330204
48394.544600681635,12554.10551546597
34471.365163709386,11833.541190314056
41695.26041979227,15040.515957076095
32031.831611167272,13783.51104432613
79470.87699374584,27633.483096569402
50528.95327957593,22760.744647145246
39504.117380111216,16599.422469669844
53209.69866101333,12540.183722229449
48315.07925463755,20113.841857299238
46685.45600700165,18991.57872021985
59212.50050065138,16094.221600031517
61362.61565070957,21059.261928971377
42042.48278584209,17593.07395182614
41362.7263903298,13930.41037283433
45874.22454272534,21007.656434539116
15471.18252896623,11582.361902489318
27272.134067021718,9333.074159240696
70503.11401166787,13958.360044705787
74674.51570251926,27516.90823214007
46264.45940665432,19731.6702971983
58648.35444583649,17779.343309429027
54668.75231815304,27101.985096040295
96183.21212682856,16585.328010290883
66793.62367151865,27720.233227927514
48081.2361277885,12316.794180222105
35666.89339099362,19118.358152045366
25903.30519613641,14087.110930524894
53051.954538008344,14401.712300342251
38654.73882073545,11438.197664730968
28666.19435603489,11469.213692072768
40301.4067363621,12950.93067419917
33776.779945784074,11401.728735385786
75307.12452608848,25664.47697337071
63224.59635424176,8831.648551739921
49880.41038025074,17290.52085407143
72199.16208335038,17722.402934685124
51160.524614714275,14235.98292364083
37080.73698007604,18018.67631958646
72846.86115904486,15557.502500661645
58083.65065526988,25825.86488219875
34441.30768510315,10566.435742158486
47144.91982874588,15901.397021780189
36865.726199228644,13803.80383358365
29258.00403553496,10578.134024446746
63892.66321297462,23854.818913334966
78641.24960705196,31853.791348143222
29021.486392712883,8161.351354591635
58444.538550358564,16368.171134056982
40240.361463172594,9491.35579816013
42693.11924352956,11663.40615253833
41114.09113641696,27149.633724250813
37040.138454802756,17987.968929849
50727.82441917241,11022.404179277582
37535.748253834434,8227.247295847368
54056.85238669758,19634.87858455111
49246.42835826294,20526.82635200701
46415.77929700386,17883.30875229841
36386.545069376036,11052.671174766368
41348.43004147501,13707.877467324612
61330.86838738634,21497.36319123303
57513.75781436571,19330.699918510523
35336.67132802174,5102.786534976409
51489.98458143839,16612.099170163947
61270.80685057683,14266.776070257218
24958.920783179423,9437.279654489683
58150.402885699026,37878.85524243479
40060.643615812296,15986.748406068757
58558.98002889739,19806.76118491417
38551.11265186225,18299.10932383829
22926.768490032213,11128.970959868442
25586.86343175256,9363.08051463226
50721.27419992073,21058.2661452973
53895.83752582223,29199.558239532576
36435.25062343387,8259.173026667639
59578.88688166061,22863.528597818276
25077.1990659656,8145.266853651045
49008.80302029025,19925.973483078025
31834.75700356315,7747.337114165791
40222.45838296761,13130.444499416672
50710.98006974621,15079.276602877739
37093.799520740715,16964.497950822457
44231.66683655262,19028.627080389855
65094.39213821661,13200.52985015022
41346.62195715277,15397.363554192641
62535.38168097712,15283.036079490057
33054.397180135726,9701.602111256276
57947.06266872924,16305.482669211899
71623.5293098685,20679.928505650154
12925.332498090662,9384.423385830356
38046.57116794285,15645.549197662749
58656.081907708096,11415.784355567455
46954.31920935511,13377.047172506183
55567.188100569634,24756.246285489015
40940.22219926269,22601.12829949503
51298.8468120935,10646.923803459787
47664.84146911881,8178.171775808921
67516.73092489711,35759.98886001772
53816.31264951819,19275.49690969278
55064.039931128034,13658.652988937856
43821.84550816299,17188.931025350965
42685.906638912595,2549.242424844372
43511.627182705684,15428.339717218314
55916.78213567445,20070.459393055324
43685.232787696055,19798.669286601697
54346.62285344619,11723.613199951702
81131.01197968159,28753.532818578376
63066.87055147538,14187.364997165801
45109.647017482384,16904.22354969189
68018.20883245918,17107.33664693957
43878.86940467673,12802.320048657872
19428.13197233219,6746.224944126142
34878.70533623894,13505.506914302601
21938.121184612166,11916.834517394167
44727.297739380374,14382.944177953032
50276.27568784328,16678.717696020176
75146.55968412924,13359.120013043654
54903.910606462436,17634.750462030555
46713.49206786704,15195.069030514689
62441.083717752335,36347.48350629388
16832.970364881723,4956.583712722562
53534.21837162849,24721.66180213268
61562.9779083045,28426.396745290673
27821.206313302377,10560.731633610336
67156.31064810394,34788.75633548432
55077.44611241621,20782.1658289366
43770.681291487985,15850.046649487698
59491.72799159427,19525.539744259986
84060.39286706594,38287.48873503319
52727.99382587743,23411.599111741405
53723.30879450504,15948.760172015807
43109.58650689634,10267.171238897177
37252.33445802813,13338.464932790092
62455.03724816369,15280.210568233866
37158.74261136699,11831.731003865756
51073.49355829089,23028.48932218186
42835.13829852325,13087.924466245073
57184.697386195876,19456.311719255507
55004.931579304226,16649.061724848805
65563.0991638685,27223.39235392015
42349.75401717879,5347.49437066975
45951.87597059943,12720.116865226175
35318.54426326539,14633.060361783364
43335.60109885833,20623.074698193235
55659.50739567279,17270.139335290616
61354.829249680275,8676.931168831385
36167.52013733562,16029.07615383937
63044.088801584905,18542.70874877198
70334.56788207426,16044.594774811785
56201.523548355515,14259.399258850426
78151.937188371,23749.803662850754
38393.1620134464,10850.977910345833
31330.179450328746,4978.230334328166
23319.19626643582,11773.9987058649
72440.66467233775,32128.58626411605
59815.484845310864,23909.594347445694
49166.229936343174,9136.370122007887
54199.529394797304,18609.72919254195
33117.66429052435,11401.327973630423
86686.27969425239,33252.473641411496
51938.31772962841,20743.093670361945
51640.92191907339,14846.962968960452
60886.49935848038,17927.685605443985
57215.1384760507,21764.267367733853
53358.26036418697,25669.67400266864
38142.88316832032,15676.419626889612
57072.025357039936,25351.140479751368
78230.3674471255,25237.559565758616
70181.30069232467,33724.97212330969
73897.79939959096,27553.649498306415
42331.76485353222,12315.911615426476
35155.92769612129,16813.26654412179
48113.19619850528,19058.825668352736
50835.87368433042,16094.579023307988
66412.87277706423,19164.732597311082
24613.03055427771,8568.934115026668
72943.2547919092,26722.292076803667
47629.88152131516,17615.047833951226
43596.7839507887,17274.005104592805
34818.434371097486,17685.28508617138
25177.14992201346,9336.72924595956
62347.55875942872,22416.0571863691
51099.76950782606,20919.685533653468
30650.58650388419,6013.090830802943
30573.818419045758,9556.434537639614
44963.229510648074,24438.175379204436
75035.32287934089,23003.09989787906
46106.12972954593,11698.070550543907
27452.855703228408,9834.710857508895
46313.85403871084,11484.97034991307
45909.146453784946,13786.269041698753
9546.700355876426,3117.561654929478
49185.577002232814,9807.759991354886
46535.98204686983,14416.762689941008
60443.095472201276,25357.188845562338
77734.34142418018,18015.303689742344
66898.47544321636,32859.934095930206
45966.669641677545,18183.505892538207
33402.11136887495,16086.397298503913
88600.3970487479,23455.118981394735
50888.27651021732,23769.943234440558
50208.939378694195,11264.900857273195
49638.12369334995,20369.435963760436
52971.271411517824,19047.719869509674
47834.593821140865,18194.552858104995
41395.069896796456,11034.099650461712
41797.115881394115,10514.782933515362
49508.70094676002,19243.833241601333
41848.62843299352,10114.566483351984
39307.313259842536,16331.350884171437
51596.453415378455,10267.242827039176
46175.34173868717,19127.4091138583
72559.89482874033,16490.144156888284
10235.45287410482,4779.770020018675
66372.60277883692,26099.82225218796
68691.27788746444,18473.474857459576
18899.146513877757,7138.389380376609
44859.68608879477,17106.502145784212
44428.38701006313,11879.420975123314
28887.32457923268,8575.535503122315
38332.74968613687,5013.889957275463
33341.36231801257,13860.958618405564
76284.05665135435,14054.099735823085
64035.17589721191,22682.527552996682
69073.32642491237,21153.590113160808
60825.08096064853,24147.114775251637
33064.22343174156,10344.157465019138
42132.196005803395,14722.657621752754
57340.61841841877,22699.282183979445
31668.082866620818,11524.423329432497
60694.97645258582,22792.769708463922
46395.119027627974,17299.571473599364
44377.68788675604,7548.72882743186
60664.39952305237,23346.728678471318
56663.9496722906,21986.765154210192
44585.507512713804,10760.003903197969
67389.94705046373,20815.218823104165
33784.05008600154,12953.725332704267
59239.034104163955,19501.86219510752
58896.51886952575,21444.40242338284
45356.803410290144,21901.067519860986
54891.99533363177,24915.789485754216
31233.296354220456,8544.065974180781
63860.40528810352,25256.999955765346
47226.46795335517,21974.892214514635
42159.154692214404,15285.632432579045
65735.13838755334,27446.911174624907
39434.84464185861,22432.08030496243
28873.080554546606,14195.667508924063
26650.562397141442,11236.953672678454
59090.14927018459,25773.828728125074
30793.559712555754,13091.16387366767
76321.91272976546,24594.88792270184
18771.058881744168,7926.945170683897
75446.84552435057,36390.77137976685
53165.26200803927,12990.030391762788
48549.30332194411,24596.859850516514
41826.21369786575,17048.24259398984
55987.04171528106,11318.783955742576
49435.47946362727,18729.41416849383
66549.52823024782,7951.388051834463
51713.41472993059,23137.11196097759
52254.52642192817,23486.349763511713
44545.81681679216,13447.873950941936
49145.81564418399,17462.72908032826
54617.026533380886,30065.292001565223
24347.474110150615,8590.871530605486
29777.218668414305,7806.238076355592
61148.96141034072,29101.341919866263
52562.981571919125,28003.920566828518
47240.24995470981,13019.107696719178
50276.5089959809,22378.83657797295
55213.72558042507,25482.429901304316
41903.60479535958,13052.474852183328
38325.42911896531,11657.017367060196
52937.67882646522,23208.304193711316
35324.40833577452,18499.655589875234
56123.79133571708,20950.11710998206
24461.245936432395,7659.645668700483
65437.33455988466,34924.94600802615
57088.96223619564,17053.270548596345
53840.44601470813,15556.855251252811
64740.36475918271,23672.425151555643
74982.11666693864,34783.03700317232
65215.55097527196,27835.41145755622
22386.88653002532,10163.691827630144
30806.345498964478,13164.931323169492
40627.72133456482,14366.725614887653
50391.36575316251,20344.723858477002
57764.88530703685,6321.829923892585
39113.84280269802,12288.912830951014
52801.50146715617,19253.31167391347
38669.256014700164,8063.764677627816
40827.23295512078,14957.160134166672
28900.083547276667,10176.914820325048
36151.50130833643,20295.69213964336
29724.730915754997,15336.897256193573
35361.90120534001,10725.476780684512
65804.62694911759,20341.920906280404
35759.01666752085,11928.519106300622
89485.73097256086,25098.982909994305
57399.76851321334,18842.111802536117
52772.54185542311,15111.054911434941
37124.6332972818,8274.599720071168
60504.64819113487,24640.990295454278
41365.43260643339,15743.707543524473
51830.147219680424,14049.103873021693
88401.26807403192,37107.38057566256
48559.10150413025,13885.04781741623
67239.09989428514,22879.56171950538
39452.35362311169,17321.704484350485
49475.17264254557,15493.19686386179
76562.00953453264,28197.427410372766
40595.494133183485,13111.589683046375
77186.72836995393,24436.259157173175
60616.279031832135,18952.223381732387
41562.99836158598,10391.0894731482
59486.116085832815,19439.861699115903
64588.316744400945,11393.611340699605
59327.149433257946,14563.954056606537
26446.629201643154,9963.218932631182
39092.94236262697,12702.167845041005
46287.22046672743,15970.792836084069
48883.498563499306,15267.854032693158
59310.08146326017,19459.892175237408
52665.51501399881,22684.427572317294
29969.83461934848,9335.178423481913
55702.967765089445,10318.032855653424
59158.786179257346,12604.528050592633
58396.856718965595,19429.162841201414
66211.71088331932,19227.771395947646
62508.83231823356,16670.45317308265
56887.70118842655,11042.340779040764
48947.51432812029,12361.353325768237
25085.58599726013,9810.53686048826
56444.273286988784,22026.278004153886
53115.31530744667,14573.94623101682
54073.6825579306,15874.232618702712
30848.77136269536,8660.14925527153
33784.151893876064,11878.914046173122
65797.29279999355,14892.750945675534
49406.672692150176,20139.82042716457
60222.510460589365,7362.44503368258
50424.77564195692,13263.650680542289
50446.34209243618,19392.059506373407
64074.25708963996,22907.20340510712
42259.32907673939,26000.982940036683
51441.811654114754,17836.529689522053
43065.87066942436,9887.801718889328
43482.55658851527,14366.917276245013
45362.41814797041,5955.348584566562
53332.00657450569,16830.71867838864
42818.77067504784,11930.917914273523
68836.34188360281,30379.419725908527
36580.89046670744,10544.56512815132
47196.92533757961,16364.466734613747
43404.034125887374,10348.57274344954
71704.668265306,36639.22765543761
52948.32164767362,15379.621548834646
65477.66809202952,33949.80222958104
27716.59440444542,12323.777320523568
54005.75398803888,22125.577914424888
63344.46193435155,22464.623213384377
51234.259839131366,20015.47555937717
65982.20562598026,8795.945373502964
42240.673248494415,13335.87426386334
71140.2116027837,29170.681278459102
84483.47185428876,26086.268069413658
44557.42159340512,9091.963869834939
43317.462178988426,14705.587650984686
71800.7671567655,36017.0787337584
73693.58218596068,33381.371513056205
42157.09959270098,15183.733507623472
43697.19774356214,20190.234659373655
45773.230867092396,13003.724892528218
29833.242334485843,6735.543805271879
36220.22080273703,8331.293592243961
34937.88849871898,18529.625790757393
38483.03652343807,13110.241164213643
49479.72668919828,13728.343837096443
53513.22098804781,16542.41477715222
73257.50739221115,37457.98613294546
35024.68938891814,17443.512155709916
64764.83597714876,37150.19691270445
46790.16733661736,14639.195859477199
49258.044355213504,17427.22479536517
60122.29238249906,10993.979975153252
33159.16967656552,17530.73257294975
55736.14619276076,12070.442092779482
52496.78312319584,20053.407458353526
57386.76896012224,13449.941686738344
54337.52965861727,12923.290711564778
86829.50209866342,20249.475664695816
40433.900236230256,11110.45120689353
42035.04567497274,12823.669910793034
40652.89210362853,9342.179358326888
41667.843212596184,20521.685350476706
40439.19309040223,10194.80803930924
67835.24796661327,23995.49943274131
71307.56371984782,33258.80681849353
41438.805593757854,14648.671292890589
37514.66640343657,11431.897796507223
57071.23334579606,18754.550632649014
41716.65433578543,19567.105198039633
59493.97726633266,20861.490924848928
53043.845312769496,14619.593262716206
27263.838275041522,10672.272967103854
73212.57801995092,15206.594304217919
76938.16509643283,28973.148615035283
40808.16964273421,15834.031075130702
44184.47660096024,12210.639784000348
54287.98086087358,13924.797804775417
55016.851849805375,13590.485652967494
59878.164090092454,23312.772547809083
80153.06808149524,35374.44464311218
47345.79158758926,16263.213869659145
38025.541331923196,16510.81855394737
29310.21157978209,3431.4006250550583
39036.04940087121,11661.566246232294
49503.095406893044,16089.171147416133
76918.36795276681,17063.894280328743
42235.830514457426,9375.26463108106
53356.819274583475,14876.20316215711
49753.65655890872,17698.48239801913
67825.89910172127,22045.019844416056
87903.98638810433,9690.033344198906
42036.96840619519,7070.224375536646
42658.40836222667,11356.345484809226
65662.41315603608,25179.370128445236
60228.37234439467,4153.191451392406
77700.6098860405,20953.07084416417
58758.92277988946,15763.729160155011
44610.61863819411,23186.166973699685
58859.82246038464,17619.211065767962
66630.55370874362,25177.010675098587
62307.23271796046,20750.227953610523
57609.11046660947,5789.444704293816
66000.1203438373,26300.763203328977
67539.4338566851,23592.584572938136
70732.38486556291,25750.600756507443
59730.64831384464,43361.02204947343
47493.22879524718,4661.338183431493
52200.705296499844,25543.202320484103
68097.63449762535,21142.75198622703
37745.964935191456,15012.130675881628
55530.099633093516,18014.42317293081
44099.91781508959,12341.332291747056
50431.17234402226,13228.213890549896
69176.77793910948,24659.20039876461
52866.48602029855,10483.700095189055
50696.54822234223,21942.38745414226
29602.15788530121,9152.090381669168
61193.80349040831,12289.324514760585
59682.26271711613,17486.74389130253
82448.8208495819,36276.15834047816
45383.32647570499,12667.216601054575
53287.254914959085,21221.553497797308
53740.75525566133,15021.12777368267
73661.79919645212,29839.502782754807
48570.567014195716,18628.801059711932
54185.32288655509,28483.740085747584
59118.44764574809,19760.28479246432
52799.13684734537,20994.547042442842
43303.49578174208,16766.82955298439
52911.34989347462,26022.782784284027
66104.47624789659,18743.271857222437
34602.270508834095,15263.811815851408
51994.54511220314,17173.435498850675
39498.1877759124,15010.111953862313
67925.69943387264,23448.338935325894
27152.19642824338,10329.312899774313
41616.17229092617,13552.6080623727
55658.17812596781,20131.06285105395
73482.86043851511,34350.75960754257
49013.746083905186,21390.922976728212
41672.00709960202,19220.090883029094
78217.35604160884,19710.843231513885
28279.79149375634,9503.665028918196
17017.910650698774,9853.469368378064
56600.216750799984,23478.74424351246
42469.18663471083,21538.45939627847
34681.5077430393,10312.90417419836
60625.3467094903,20025.94769949394
53657.010706567984,10282.804428552749
41538.820538949076,11431.29675436317
30795.434019936583,14894.874759921538
63086.859924202174,17777.457259151714
59753.017669379915,23835.79792328364
48512.36204330926,14901.361147168887
77699.554940715,29575.91223815793
33948.72850510771,9328.414031384706
27117.122436128917,9626.429074709473
39621.378951781335,700.5098986879723
49316.209754667536,15487.489281596616
53650.091739840376,9782.026257576179
46381.459132155054,21748.222121874664
55280.83094771445,24134.954553651096
31226.90863714334,13615.261525069933
71656.46906109889,35365.50330990106
48767.732324111465,12329.524409292595
66759.43747382192,32303.830927465708
55140.88019566556,23486.75186398196
56851.29828730676,18770.631706588312
58546.50920348306,26161.089372390972
56715.628400259724,13243.365713546027
59640.84139801316,14656.032270349035
69937.28795198648,17695.06306517063
52947.817545522055,14960.179682388316
60635.05636382769,14093.121130140873
48653.964585691596,21891.285679427536
71601.75823174209,21391.37320541563
39854.115469110955,14421.648769980342
77014.10649366223,21830.966778483868
49397.63074033485,7531.484507999368
28538.373468229278,12784.967360756751
51921.56622366184,9176.49038336098
39784.22513787678,13581.166342482522
62609.65323483086,11207.474228169269
40210.640310464136,19968.258255674726
43307.248501778304,17466.998665954477
21656.889035817036,7352.261698114791
43215.405211263846,21804.250805143307
13641.81010056565,5053.8394324304245
26241.45764771415,11688.210928183958
61406.21984216446,19428.405285683166
61787.00237976248,20969.43522407834
56381.86342677447,26975.404931838457
35495.3578530618,15535.388399572206
49284.3296578703,18061.048836545117
49945.96191364148,9283.136446570337
32624.529662111858,10291.050821034825
72550.97452650726,22653.984622867298
63160.43435863507,21607.24408188962
46685.53739255504,10921.841311550872
50403.28758491796,31668.739214851183
53125.74211921329,23894.3223243959
19373.97697363564,9661.958754348314
46292.339262191046,16106.3750120913
39770.23628003302,13653.882522822965
34975.69985157627,8505.935967386913
45783.495606710676,16040.816549076153
76965.29790274284,27784.80005401589
59612.64291900515,15594.240099036942
41432.31515325805,16622.30099898721
58588.74172034238,17818.913686938282
70990.33154879004,9329.750676113963
63869.50524369153,15212.200968966106
50894.45554880261,13367.670648464102
40295.94833441639,21365.31073979306
60473.34970420385,24240.497165972625
55902.28078132625,10030.805549910252
63427.89830041598,25159.678174724726
59527.57702522954,11135.322190355853
65743.29072979002,28106.72116959003
41971.47182659148,12472.532405580914
69760.91098451489,23873.38052023925
52963.994070386,25644.694612517884
81128.91308937898,15904.83945296319
39662.18272865648,8119.695826487922
76039.45704747873,20450.788593832825
52968.66175193972,22878.988780640608
40228.72994578327,5851.733181561612
42741.71248918518,4759.573627382461
45194.7903770852,13674.759109068986
56362.48919602875,22416.642511329912
57842.5323205325,26237.469851519556
41394.49994092131,11765.999884003697
49634.68111608526,14662.377009189238
82134.05537917795,34518.27653250264
75913.14755151067,12857.233010287422
56544.85504511048,15532.059423637025
50570.05217252301,17102.023972750216
51800.46990077392,19426.855850924734
59202.769590956246,18030.709782848535
34658.111522023915,12531.308498333066
46139.35193864982,3124.6886357953836
24971.238891836158,9101.982192852147
55988.34683907919,22066.624987813615
59707.939095541115,14585.741448759607
42752.20306550939,15793.565702729604
73609.80144935049,29766.72194111373
31613.515054964882,12586.230979687261
28034.376796852695,10201.482254685541
53366.77727839958,14496.124737310407
65706.47453918232,20737.54067262798
75258.91537186803,29669.191134264238
43116.7360569659,13919.566158062078
66180.21250146943,17802.001579202843
49422.372957489395,17122.018972514932
47410.59050088771,20439.243180339403
63254.89906230009,9080.667353086754
59784.84317620129,24790.472722143124
26354.11764523626,8998.030735369692
72148.10524588844,27836.122327008998
70701.37031221177,31488.431941729847
40616.55947735706,9342.764857500733
55937.05300156114,15163.877472668391
57410.45279424108,17908.224941883753
53910.10648735861,13676.493389773264
41745.422692318694,20549.61207382706
39925.64948092923,9435.446466536705
49616.688935128324,14837.920020322596
67590.93528889047,23678.2234230696
58154.002318916486,12316.707818356397
44440.78501870841,13149.909318569205
61575.48065972517,22122.189067284482
7271.8606905488705,4986.418552645862
67231.48550558156,21206.347844752076
23904.293318328506,6564.8922743193525
44563.38587895302,9363.675060202098
33204.95158060784,12824.457511434794
30579.777864186413,16571.8755745374
67412.4018106778,23955.348662437336
42984.48198032163,15843.070175610017
55197.55822596073,22672.111601908025
49296.19131681224,9352.618003542311
57155.612408346824,28657.84106211157
51152.32836590383,18990.183458229476
30755.116637171457,14689.956183976043
64944.002291707104,16923.43612650715
42593.65125258031,22622.675996921265
26651.271520103735,12102.556865800674
43578.27258551131,18520.6938355105
72511.39685951466,25784.801581146166
62753.32613170239,20744.469995558436
44770.21798388211,19812.282284213274
44761.13443522357,16192.531598143309
45175.47423173926,6750.778385268087
81151.21975341262,16210.007026316456
55729.0317834733,18639.304154056023
56450.624707866045,23009.824344062516
65454.25181047763,21248.87374845664
53581.8373853977,25111.041767520466
46114.36781268945,6921.445919792047
47054.75226372533,16078.490487241406
48925.98110878904,5962.392331088408
49441.66645235238,19882.87064391827
60914.4431545547,18306.984566281706
50779.18828710949,21068.60394184811
60989.60115823369,14912.982932170471
48789.251298371266,22533.26966827455
51179.52785474136,23574.509827327318
20026.989732018385,8055.009393209317
63744.91512053722,19531.003907361042
55197.32713846989,21827.927637795634
64970.15164789478,17927.122751701132
6556.1693270946635,5029.452620226572
81325.62057171091,40060.517049236514
47906.15557767239,21578.84801348392
66622.74225106275,17526.246801673817
34401.411093117036,13765.402803832716
59191.608575938546,11073.197488859949
34198.76655239516,14263.213450226674
40643.465589562926,14950.759448472945
78710.4703080018,10976.811287885059
47139.7639885498,10184.659634302796
53261.49309769584,19009.78951263088
63051.015960331315,18978.459132467935
57435.22831958907,10879.670536309535
52256.28357715365,19575.36314112003
55474.41503699338,20556.718392057555
86051.23377857413,27817.024230540334
49135.71804449622,12437.627208189333
53016.485700724515,21882.394373384876
65759.81594011417,33430.70849972944
66582.88899436976,17374.575932320608
67805.4545834057,17754.65532365376
59580.95333043777,22543.32761246688
32854.92630904275,10610.541550606764
74501.47298451644,24001.076674496348
32804.81910471968,13584.230233385879
54539.531978585495,7674.591602097798
38685.86224970963,18691.45453623573
49037.92480110511,17217.385606507036
54931.436154552204,16316.867081218254
54820.35823175409,18392.928414656068
56328.81131352927,19530.85192650284
74205.6690358797,11807.839730623109
56803.014522709695,27986.189664780133
46337.65047064027,14510.565244809015
64461.307524325355,24244.26961293324
67842.05733386961,29287.63415729396
31585.88277294511,8979.274258790767
58961.00104774787,21787.587253600097
60517.591134663475,17876.53865452555
45536.54744960012,18942.765318054495
70635.6021996743,8701.295574574873
47749.1661945121,16885.463892162916
51883.64680207313,14029.98053436142
47403.922635741954,19178.235051365536
50233.685713722014,19554.79072126281
33555.87369657197,9567.975816701992
28399.236761085584,8285.867380128439
73917.57594837458,24103.872570595406
37295.57977522508,10170.17257748761
35129.114758155396,17772.374041297608
17699.148295944276,5804.054546520982
40415.57378465746,2894.014150514832
30153.653098887524,9386.669492936191
74630.22740204554,15769.105081967527
65147.25634013952,10905.995393876448
39677.74482233414,9130.846087331876
83786.53708016463,30970.830377321214
64726.48230487391,29833.623581693188
45127.529247370665,15821.404195142943
12508.914276896401,5267.015111379515
84364.13858886113,29080.798009574406
29156.41299854606,9316.424448121996
25319.01879564662,7853.070940758673
65338.5564801446,14853.728287297463
86596.28609508909,13782.32122404553
70764.09227765776,19966.398349167717
58458.636800785396,20310.936181839443
58921.315124979286,18340.95433593518
62801.23338170462,17099.983847594413
61383.92884680148,14919.712543725678
54217.87135954064,20289.557236836205
51563.01655927814,10262.748567315622
49061.103081507164,19530.43551207308
38690.531166999855,10279.211655702002
45789.87384699839,14093.000793722827
24605.647787069218,4470.98637535958
48524.90559807875,12271.404012096104
35171.133392736236,15856.737590143453
33446.160241763435,13774.123835611861
52698.41226730218,23184.31217005774
70880.034295169,26518.637929592776
63774.7490900347,13893.158788908386
26442.490945652346,9425.568587316226
35155.57795144494,10844.269147944478
64111.567819823234,27808.945895594057
35262.68909692536,7989.668694680029
46630.50275004463,20370.316875231198
58250.78148536828,23758.78441742173
35474.83317704547,20864.166728203985
51580.6325921894,14725.590536191276
29989.617576226934,13091.819501548913
40979.48534073179,24199.959497871558
54796.72901213806,14463.259555085691
26105.09399702496,3977.718156198199
56607.121069405985,7911.286233793778
49705.433016099785,21483.636461790524
58287.34931625721,8172.926268882713
53358.712010969924,15174.53278964083
70462.10644960766,27145.704978080663
51878.36753971861,18193.395821795228
43558.91688312121,16410.705999021062
51834.46254548425,18852.02237378363
58149.470435545816,27652.128320512275
50732.901054885566,14770.206576501405
50608.87536805824,14583.702459371978
39470.12468289867,11951.18090703207
40056.48623673578,16836.436360605414
28960.920923004596,12270.045402701344
76243.65114780409,28375.733277478033
31342.051469130725,15219.09729810425
39606.42203306139,8137.615492003555
39223.89101646204,20131.374460184554
63423.86565416662,31087.445468240738
45575.75482561958,19385.77262178443
68716.131090106,35362.95991954808
39897.640636341974,7650.72118006484
54184.91243335703,14906.747436814145
37469.794201103636,9971.87069897104
82177.23691660083,31383.137408869985
32186.02371455731,10060.596678706546
54647.31065340541,22547.150835070246
59506.65321398148,27782.744812203575
56206.986461772474,21840.829856399912
47220.68511683438,20441.755211368007
48052.689503998605,10595.48172701854
50657.17207968664,12478.39618661377
47794.96997557267,22726.877634914075
64458.18675192365,26961.21135518693
83157.84502387026,27580.80764784639
41637.623224882496,14558.819454365817
29452.955306313834,5375.441372762054
48675.76927473118,10334.243456535529
88695.64006481477,45305.20083091882
37944.88148045404,8832.623328382526
74586.75208166102,27857.520110993548
75165.51221114662,30724.352411844666
41696.176374380084,10478.88172741613
58534.74618777913,20821.536301833643
74425.94934692807,32146.140767954385
44313.08388518769,15247.31879893877
46946.29459846457,28707.545237259852
41274.786290770346,8246.200885118906
34778.649039607,16770.14053589277
40260.83682400989,14354.593757720242
31640.895998566153,13921.388698029641
50511.25202388839,18782.651259789163
38450.40153412038,9157.318448601463
53506.788676861215,20096.69602910632
26661.56530694559,5468.902986495219
54963.20348321686,20838.819924565847
62502.93442413387,22075.884558724152
20093.96536142817,8844.752327120848
55610.848547713584,23084.555924529843
68415.03488709938,24221.900488838404
31855.38471963192,10894.529603141336
75088.58580256555,17498.27918935021
56285.285140490676,14138.133167321155
39424.82216362387,16879.12186381111
49163.46383513441,25833.1517584647
58374.903687825834,19375.044458698747
51140.080871186176,16798.263261318785
58081.33988669554,14442.701864621911
36189.89610380951,17518.62875949017
52540.41236054117,22449.336993776582
28794.282546425296,15409.27607222597
48331.60907976949,13346.512746714137
36441.38537802815,11006.997156795349
38967.050861153504,13256.129357643495
68541.39762815656,27717.68549453198
66369.65180891403,21770.275365747893
59137.071813607654,17166.594247948407
33615.308529911315,13847.745896418439
45253.87325457797,19538.49849105737
68196.46549968775,15800.472897377644
52125.753704598574,25486.43258301323
84789.94309972541,35888.60157550158
55899.76759091558,18257.87480001867
52880.73674735047,17509.26556163456
45363.25303696248,18201.32624357946
52003.11357173423,12478.728542217086
47712.952454291844,17116.22913394976
60621.630150328856,8165.2837450614115
64350.53475191876,27544.776914266185
38210.158092380756,9115.344778406641
30031.50569663333,15940.27445263504
22456.919403450553,6778.831076328589
57619.86990368816,19429.715088466713
33449.50090739189,9329.955450494137
17706.64110571276,7712.390734896213
55828.67906796446,28241.81105855621
87394.99276149186,6932.983886191949
49908.9363269016,21849.720499499097
62577.36161677463,21970.258079708852
51227.440378213476,12507.713630267328
48516.65520213286,11168.817814182015
63786.14724481653,31908.482955755742
45645.88183717023,12136.739435504936
54010.88471107854,12670.240129477692
54825.467092940205,24961.820041941504
39978.64319535427,15138.413051765361
64880.635243047844,15066.20140554365
47375.60364956887,18096.853817698688
38663.82260760733,10186.764333395507
58047.64765355605,25547.003561962047
36522.98027313444,17915.449476187383
50422.717360536924,19680.30091275654
49863.21505033695,17910.660667996
66288.43348747367,32802.19953475869
57120.47349319929,18155.609498839378
49624.595618822845,10749.966114407447
62266.494488004304,24712.389116324943
70853.1132352597,37231.13157104065
58367.154595277934,13775.75971802103
50155.28929765071,14576.97048028119
30322.456514747606,12099.194601259867
34023.29505386941,10513.545245919917
45421.629434679984,10944.167679221682
40857.31696761075,18647.099912939524
47195.43045521831,27648.449135525192
50849.74887345661,18475.529119047384
57945.391315350964,12946.56618719798
48942.518329113635,10185.950853927314
57297.52465739303,20877.69895194348
50967.1162221518,23114.672869003014
20368.00150469193,9069.03983558234
35909.96909271869,12246.6010952834
47838.686664175766,13750.410147998464
31854.578857383385,8552.920836785128
58998.93094994307,22877.727179858877
72961.26248515546,30016.61102014052
68281.42777545974,11675.017683204323
46798.35693604688,23735.86288368231
72360.89205274929,29055.60918632199
52230.01185803167,24207.347234052962
44943.71043322941,8953.131193919264
40798.960046885906,8154.733388632602
45462.95470267808,14160.100322494898
44177.34772188157,17127.1860670618
52556.243335632316,27978.67287351229
52408.60971574797,20369.208841625692
50045.69030230122,16227.006283693063
56554.072546195246,11459.783670888459
67859.69412179512,30143.31650353177
64243.312031619855,14745.917140757985
27726.53047325145,16507.99711575215
11691.182976470678,4900.073290763596
64014.79866858911,29185.275241575702
29496.819523768685,10852.788323461155
46628.518971609745,15383.795599980343
32448.304609109608,10662.90906993474
22970.293436299704,8483.46849077861
58121.94092307182,22093.612131782444
61387.327404539705,22052.10092833799
41352.34398909921,11410.562614881785
11134.365617826348,6050.800173347457
41806.33327621276,13238.386847066775
55877.060081038195,5963.429902356302
27816.32646838807,9812.311931421438
52750.39879668733,12382.205806997357
49770.35226240507,11144.668463135564
58689.37249401632,9817.99514910609
51793.705526212296,8308.76103272573
35403.96588677667,6894.814719070862
67948.57252496737,17376.634716949273
47622.05640459545,24090.991934781057
49590.43190735102,15632.498521443464
36000.98061390206,13136.585924260058
43350.766232127346,16252.461247269923
36727.95928959649,15088.703797684937
47405.809101148654,14612.36920526449
75675.62720213515,14531.640521491225
29421.482856029656,13999.068530644128
25796.579031848883,14333.051432224858
72067.55491240413,11925.388319606745
46860.14484272201,11999.10611173201
39963.908920101254,15442.936489759642
65598.57031094114,13102.908603383947
40915.766903947035,16953.6625249712
77390.14570320403,19023.803952804872
60168.88807008904,32491.152893070197
42681.32887781446,19266.046145110337
82359.62319898256,27549.868995362613
40914.27615494993,20160.647639568797
61131.430580139604,27942.25400307036
54489.38870609738,15297.097201723305
69526.11934098197,18534.00979956238
73422.66795090279,23088.01863648065
50480.0622359865,20162.858058408066
38698.73194480725,11969.797960410153
56899.582144086744,9397.416015166487
39834.26945371841,10913.986840383324
80200.80871289935,25569.832843494325
52048.02996624106,17369.926336795743
44520.17673031837,22726.788819898346
52770.204587973625,11320.329391320136
29793.10565705455,12683.866585463995
35425.789422340225,18636.091848336517
68006.20861916638,35956.36893367736
40146.58581542906,12731.949018087178
34296.3352597709,12786.558264715512
58049.79128790929,22325.061115772034
67785.56231994496,24195.11750428151
60784.299659976,19725.559871040652
64940.715287087245,23461.929970516798
38648.073671458085,3814.05193203867
28672.839998872343,11026.003620085887
72520.0047793323,25821.311047359184
45159.802417367966,14337.964467581058
46237.50475317429,26453.981420575197
69922.91212773586,17731.006742433576
58343.4501410099,16627.774666790996
56838.31658122411,29606.961895638888
82475.03517351625,20756.255945346576
40347.22654429785,11175.174211348776
63917.60192121856,20880.124760065577
50855.19687345627,21149.67842506774
54028.88418294885,17355.435715264888
72927.02639618798,13881.061569854455
57617.53634434436,15039.928536210624
58074.441185744494,15929.05814835731
66087.61005964704,20125.53984970972
44525.70905685672,18179.78690255755
37411.85498991491,14697.065946144301
34327.862089684495,6024.093975883388
20504.65115935997,10988.861366003604
80843.10694910484,29258.684041699016
33451.87451417475,16646.982834179253
46681.19564621342,17306.729296512392
45847.80050166619,19029.694059805148
54611.10046713651,20245.135670713207
62236.05818808945,28431.98365951277
62907.10232539618,24264.515570558513
41253.83842146592,13627.066669726391
47493.174293203825,27728.39908482374
54238.69925732449,22480.64821632029
46269.633107246795,18478.543151041493
74110.18364029989,15958.327066228667
57364.62427457377,12160.88425374038
61023.16679074726,22033.155064433242
59943.21903001119,20253.3221702013
67602.10786227987,17495.802973933765
52715.3233805556,17707.17862132608
30547.5207806623,15476.110778128936
55995.31927628962,23448.189980427785
40229.64659312257,9256.768795934691
42070.74977375365,12802.325866315308
58795.4602813264,16673.969902181118
68574.24607150453,20233.61606562628
50319.073651040926,13607.502980594878
54632.49518898446,15338.402630089213
75533.22416952858,15290.411492249883
53611.297692328524,19103.608087726825
89025.24671270592,22608.638237617022
58482.64468447316,3388.6434388180933
23588.558612662735,15318.719103782598
61300.12431656799,26435.5545054547
55717.37577324166,16341.05022367334
69346.29131124119,21898.081276549812
60097.72026904937,12784.479417923863
47923.16024024339,24466.79801736776
31635.526455659514,18152.480604532073
46864.65114070962,17883.918504254387
37242.1931868605,16236.414489778741
41292.14825292916,13144.116177904554
58828.67606630914,11763.579257293795
75048.56756527109,21717.432406487307
55920.07294734471,19763.18172445673
32061.754069472234,9834.49325621343
56669.040023302114,17886.376973635346
67949.47229968477,23279.231328140777
40853.25643520927,14307.296098186067
47989.742499906235,16274.341475209589
50220.32292093796,11239.506166583376
38226.5253037664,10557.201636667367
59724.20650765789,13881.924318012701
48185.77777088327,20984.112899548116
56292.98665860542,7014.7861325858485
36687.6173329685,16756.21973641616
43438.125495148844,22152.46291582935
60835.72036741657,20372.215995955987
44407.502718623495,4212.982134554395
75904.45776850107,22111.602005119785
44005.45721578097,14955.974661555932
53370.27088627829,10233.184401618066
63988.86247809635,18644.98571295559
28724.514006004523,15146.931959964322
23587.86782028836,11073.123798196522
27115.15528144858,6916.114437449152
68938.76155140773,11283.520765698577
41722.127811613296,12741.227574788234
88372.98928502378,27647.138402144974
41536.286020139174,16143.153106366994
52768.269547955555,17088.367528266896
73131.64928851814,28111.03796122944
80091.39332238684,40250.65367290729
80922.55364954597,32747.462325612374
68125.49345889714,21458.36758635166
65360.93788717194,18216.81024007949
58887.90423801775,19165.468874533322
61675.41614249957,28487.41934400452
41732.214255072,12434.953681268182
37727.016748665395,13654.120474885558
49949.38313883572,15858.527734654563
47447.23066212607,13369.725025188634
43201.579260090875,9872.98663794537
60445.81171185073,21034.76908711292
64329.57812855766,18374.66814495416
51326.10329437771,19738.26438116532
72162.95121582893,19656.51052248904
32874.66328799742,16011.371316143397
47095.10811080423,12727.87547526676
39247.66519095792,21131.263755575263
22001.9507439041,5014.213787666163
48759.78971235951,19943.397993896862
48173.78737425074,17223.496092585156
72701.74614863197,18531.26685904818
59462.17526832166,22988.729615423912
34637.19763506192,15583.49110866175
77811.38849501283,6591.170746617204
68315.5054328803,25183.236066137597
58731.465552029236,4314.553293483915
46602.738517252525,12233.978585287578
35608.4114491478,17869.187275103777
44416.8983589342,11884.625644976164
66331.22929556279,13501.244943506414
78268.79458901913,25050.035965728053
73148.65292408284,39084.09555258548
42667.258673205884,6805.640551738997
33205.73850066483,8360.763850593086
52113.29370366806,26729.658156098732
23473.409516557225,12653.511915336854
54847.515712771725,19202.46843482636
47785.96120551997,10625.352223124213
43009.452471976365,23756.524507593713
26079.453990998067,16482.95539492571
57704.00159854575,22173.3567964811
42009.487405071326,10836.2998374007
32451.24746434568,10343.836672884816
6916.066800775261,4916.375907500369
49587.27642424046,20205.97337065314
76583.77395004616,37757.371580322695
74918.88821821805,32288.109918828337
43143.55615120592,10097.262850230023
40966.81909457329,19563.872856109418
57031.613841125356,19224.15750889109
35024.21841217563,16949.533308604277
54526.87849729199,26823.631151855923
61491.204175770356,13120.16353980247
68403.99835826461,23604.19511376427
48497.68885280071,12999.110391957813
46944.893747345515,9129.790744970775
36830.261198651584,14153.391128841424
37596.7946894021,23360.363148775163
46602.8166214771,7341.990877610729
55510.48260224267,17023.025659756437
63703.76939349874,25267.20713298348
37952.31573979482,14901.66914080796
72390.32853439283,22868.944465656816
45933.14598436147,10587.3494281547
49679.490584773455,17014.790370173578
38791.82481278265,10675.661088462295
13636.396095905875,2480.1443948722763
63260.68094541575,29282.25685590892
61052.6584563865,26198.489312003963
45780.0866432268,16660.60406893627
51004.86075837308,19557.56091118975
57739.08826556149,26216.359310936477
26561.81214670186,10837.5488603437
42064.209839805575,17423.729105665054
61913.970194327405,18729.57453580667
31185.658652461258,14914.11489659725
54403.368982499436,19722.12915926908
29651.272930648924,11096.236442702493
56996.449736502895,10880.112045662276
49465.37776553775,16301.712714033998
25773.022761417356,6919.564477591681
67471.09031685758,18128.14339805202
38981.12634802926,9167.734820131842
37846.213444784284,9334.250788412597
53008.53795846414,31065.932368838578
67229.56024143074,32142.45859465338
34762.67271532405,20748.054020736276
50925.197747719576,11441.070131691751
56432.24750495859,20499.284999536812
60396.584108947165,11582.666294095994
52646.62332915838,13487.048116543638
44494.58241375016,8524.066844995912
37586.146690269205,19121.108111225472
51292.158245695624,16895.623918444922
33917.9148202159,15245.917124308768
6179.742747580887,3973.302286486707
56548.39706236502,31237.36488924581
63559.02261629293,12047.157452557207
14556.01346687242,9324.67818499197
34854.03942935094,14709.249384960878
59287.31391507797,14424.731032325377
80862.43204567548,34125.98294013303
50311.905615131116,18898.17544178376
39079.955881562986,13294.004545834972
95427.588972379,22577.45655388879
134371.9104787046,32545.175206753564
83850.89552188662,44129.25147733586
80020.19983374365,26981.840082854178
87931.41194544919,35675.56307971801
76166.78479353219,19046.592676116
103066.75789986989,23611.384168296092
140616.96146173903,59021.05031775717
108076.98182790073,20735.951339587187
93691.1624468428,26254.859249278914
92704.7182771114,30786.39710843763
60920.22978258357,22721.06518466072
122077.74442867897,37475.59897010301
98054.07007467996,35390.55341535614
95488.00216023436,36751.35266870078
179827.68919612153,66605.57438244676
107468.82270914216,23477.944416297818
81205.22374762039,23728.06679783577
89341.06009486142,39866.82228705941
128711.14272991887,51974.54377727508
102831.76026344411,18411.787620586023
64043.05054206583,21684.50073439016
122980.72336438009,13625.891965584422
83296.39786152515,27856.52122681933
146832.44440543864,75631.01795084716
127001.20164286622,27964.48369694595
88816.95260853122,21562.69381697036
132025.40904337782,52647.23531331409
101696.38776318508,16008.288279516308
121319.34187805548,31086.074227133853
112118.32043236187,41582.20388161974
78841.08362522816,21516.37117006156
83911.25419206345,25344.725547714985
125749.02043952903,49381.22035556122
91630.61669733647,32569.239171862555
89908.78841895008,32078.600759176494
76121.93551626618,24339.82914863856
110589.97663983653,38261.58630581331
151563.12298107863,45253.84674560227
73311.67714364317,27581.360324203823
100605.48641681895,27968.643326732592
135305.51388538574,39561.848990531085
98008.96521885712,18867.185389677707
111309.29490624335,36362.310727422344
73440.161796328,18836.55119429613
110707.67743019122,21136.006193892343
95321.39337488628,32454.443323238633
124643.24989199657,43612.81510154567
129684.65128911877,52505.862537215064
164739.09105046536,45258.04389177695
114490.82933033939,40842.96724963657
108144.90791455416,40483.05506648828
104859.6075394334,37990.83715000794
91170.8426797328,22951.938384919064
108462.09608654228,35282.8140560594
92614.96474652426,32351.17383726221
104211.52440674035,34348.53980679612
132939.93839019898,14099.998925910266
74836.43586800896,27030.44526105372
128496.96402822614,68307.92913956342
132927.87668349664,37037.65909285572
97048.28682522303,23126.209560369032
46953.62752478514,17846.457859819508
84804.45032263918,28611.894402931688
132424.86366402774,57034.60484500939
99428.29844252794,17885.46662712415
75017.44419262723,30685.784219092835
87380.62696929456,34089.92241941363
121015.50066261383,34854.19403476811
113668.33920503448,41284.19000080752
94026.69752075765,42385.07310592011
90829.3897046328,37218.010657921084
90206.04627390445,18109.97432625777
76939.74538753743,34216.530413911416
140384.39223673605,41888.22212250507
91941.9882697165,30272.721894274917
130428.96302063741,42263.01194208134
138032.90129806128,42681.1704455192
124957.77245369901,54738.382136723674
89209.4921820488,27517.37009035965
110093.25225841523,21751.34387443458
99395.1098402271,27565.21680587
77407.4534817468,25598.538981472975
108108.98204304007,47769.43583695763
70524.00522100493,26846.27065745018
129691.98471153909,28382.79678338335
88384.56756754017,51735.75966952446
105028.99139682099,35791.93328149694
107082.19678865356,46513.68643050441
93527.37565739806,28471.00828054919
114667.34503688187,42584.463931157276
88127.4085844369,34089.774238898004
121782.4324364311,53701.84891591813
66350.50799383128,27873.687249301296
103159.4894886603,43656.415381895815
148473.22497645713,42387.733692245936
74991.71688486062,19809.99334450801
83056.37573687872,28934.262385785696
112847.69624147288,46279.47649107186
104489.54454848995,31632.455647563456
108765.75248183898,46189.65465331498
112229.67825369159,51754.41566615447
115868.03671404425,26201.550715726593
127742.49604890558,29027.85591364036
110245.46642321281,33182.862615800324
93968.55863453644,30995.3670562022
116814.34253006829,31890.333907256918
147497.04837238038,66492.50268544882
96684.15634043566,34331.84573188205
75636.76738323396,26888.129917499427
127677.01673217432,22056.857069559635
96990.47090116005,17298.83813292299
45683.261349649096,17845.457728594458
121185.54192876053,12909.7351280896
86616.79535115193,37150.759318435914
97736.66794239599,29349.501800944123
108299.50826422537,70062.88558927325
104762.49199447666,57345.29508103119
117736.29542847599,35740.515957973876
89112.84073575391,25881.308529626484
112827.64495440207,46647.33178184014
93511.33306040207,47702.149134468804
118470.26202218758,17368.237987815788
115384.18710032634,15399.469740012943
76614.03244888512,19770.588918507627
127149.5529043758,46339.542051537435
86600.9138721488,30074.96408710576
120201.44495702862,50688.65455486914
109182.18283503351,21791.95478571982
145954.59191987806,11928.689272689526
94413.3504407037,38279.9260606792
91267.08009704507,21864.459341884678
99514.50985280669,12790.311380545385
92420.50542914312,30876.391914914806
119998.54754855126,46943.47474118449
59592.234789085305,18869.17922433215
73657.93952134115,21304.311742221773
73304.92696052017,24235.301287927185
123757.6897993394,33912.9165452148
142765.33431454812,25683.094420603415
97388.76953656321,24594.801128539308
95779.45692024974,34734.049689912354
101751.30407782954,35818.92949845307
129046.95756520476,41417.17407712102
76816.17164523565,15631.451530376808
105959.22456836962,32231.320346742905
124379.94074456074,11851.785334675771
112527.35424849614,37968.83736038216
104739.54041496858,48369.757110960076
125026.15231417853,20100.938798397656
32419.192675019076,9780.97328704999
116946.88298827269,39699.764785513034
83648.1079218144,38965.19632390977
54234.17757858858,14483.373585164903
112780.06498812452,27831.03051320293
134341.46362907393,14809.365828141708
96563.7871343077,32538.395063661002
123821.86368007347,64100.493839442825
140306.95644971612,47464.95237967743
132872.8613396012,42419.03277574536
140999.11323428483,48870.496582622436
118553.18727679731,37951.1013868358
101885.84097253982,23300.961051195995
59950.85470257079,23516.07292727761
93848.43779675128,32380.47592693085
78918.83511709521,25495.805912156648
154273.56793744536,33861.185346368824
95602.85468919159,43062.855894391665
103080.12016961214,39980.87527671908
113787.13440101169,28221.230026898953
101090.06115931134,44342.908860370175
142376.27601076884,37464.412516114426
84433.7659566387,21424.966770935713
104865.18638093107,24656.823343185228
81438.2353575488,12316.210743407839
66999.43721948235,23956.293813635442
84705.77272736786,12352.945466928832
99074.0800737897,19195.555687253356
89267.4443870685,10281.180102967697
82689.4755031536,26793.110905716527
64842.06340820415,19245.369829591047
97922.36068428263,27493.130032489546
62381.99064922494,14668.114275851209
119001.39909224007,25848.89553000795
102060.99382336259,37219.620789865556
63561.21251337673,18160.125038839626
92269.77307375341,32492.991506080903
81196.08986023543,21113.199366107154
107979.3627604795,34601.69111958721
133511.26115057862,59548.2288290348
53120.68825885638,19424.41551916166
102875.65197868543,26113.389979664964
95996.68011083399,33565.490814577395
116783.50191126164,34363.976182553626
105329.91570594223,33397.13969300476
81200.76670652952,23610.049213661277
92023.65160833455,31193.122343233503
80099.35357991277,27470.484983926162
126900.17846496496,27974.438275072054
100532.79121679855,21297.55914389071
147529.7671438252,26069.026754587067
98483.47965463449,15546.78354510567
82289.83082723843,16259.432084266939
62157.14018467932,23457.213926566586
54921.50809360138,14750.313715469372
60396.601424862754,23357.783883079053
106678.16627528709,32069.557852788592
112718.12558074834,13265.817937317654
60470.232449196665,26804.749881807482
122375.95785190289,48404.35177686226
87923.47370791402,20741.87380841593
103669.82529963873,38899.00837627516
140305.5157063856,32293.475937640862
122420.98289663829,39080.16358926496
93286.7338023542,15754.615180612487
77720.19436461781,12064.16331725053
46204.614966767374,13277.836402333944
82021.1670189395,25767.661300820964
94721.74402930764,25399.811454781327
75320.5118212204,15412.737240167067
96718.57582269238,27181.525025493367
101921.29707396921,35589.66975105926
94378.60045479804,28775.063813772984
83749.93547941351,29850.33654634647
104216.36679916819,25684.318102194837
111048.51623923522,46651.83899933335
72740.02306392885,15157.495936397901
135273.30949365674,49211.757653586574
97535.29669289346,42948.78828209359
100471.2405736212,38335.247843809
117705.36058141393,34691.34062037452
105830.40328158754,28038.512410026015
123828.41584783113,50875.04962397208
107178.1041300456,19722.809270487633
84689.06563398906,19375.137038233148
109037.58813015254,29956.37472258859
71406.84481698346,30355.073731611148
102713.99264441308,38159.355005868085
99169.25023388848,20923.057899354797
94797.07856818651,26906.219168317606
96786.56221402674,25448.490654724774
52953.77386255902,12930.973651664191
86281.87730647596,34837.096292488284
102321.12252852786,16536.559495153953
103996.409799935,50650.66320801034
74308.12147685105,29901.669441226357
131642.6960216175,58780.47602945023
78345.62879463748,20882.40485641022
124236.43001316843,36486.66801532202
110679.85904679212,18776.460661327284
83844.31725390493,22997.433700379323
144382.7723152378,51972.15390274347
70159.079206088,32753.115076589504
122978.85434025004,24299.380221549996
125014.55795107446,33553.41935278812
83234.49477308388,23912.8022769545
134811.63250160823,21403.053484976645
93748.83713502617,35150.41249658574
107217.34073199643,26101.790098693862
106508.04596928052,31239.91231278934
96642.2814632363,27868.348395413996
120270.20682899456,29815.70172420703
119837.21801380532,37531.93727060336
56286.70066904548,15878.493906497948
132608.5060719538,36284.69488952566
58437.70029910814,14674.526503099562
125813.65510854142,43107.01824314006
128167.62842068958,60946.58998412411
72725.83924462005,24181.63051844452
89729.64280113539,37470.48438561088
72357.38328785161,13012.39181818952
94626.97424278162,32089.263546715643
92299.14289535648,19921.496056357042
119491.5133067335,19288.809441715097
132757.7186529902,33282.65479275288
134892.0952697489,57565.34613605066
85945.79933554246,34330.92616449045
94769.45315638681,33114.556480632615
57914.045194476246,9680.316474422083
79853.24833759529,24709.901212121385
124121.29082743643,40577.45810188365
140389.5705887058,47973.67270742478
69141.27820300194,10666.45235850577
85188.39352117764,18471.5667875858
99339.85607602683,29686.63211214105
107004.02897049017,41512.00339710337
79759.91200195884,7674.2975214911585
110601.52611160224,32553.15707401281
88154.0163232271,27441.185162311518
99638.69322804302,40006.252591474804
113657.10620009249,43744.23104851338
100160.55674527344,38598.72688392333
89090.35273683579,20201.32920181041
97259.75490185423,11100.457657432962
97790.92601986662,27944.54113196685
90749.7242529468,39321.42854117638
93530.09843332245,41520.87109105074
139966.17926261792,55016.65216779553
114022.98619853097,41139.90997232492
92612.992049271,34391.659327611684
117423.8601127684,30626.776679740306
91654.51275609975,25782.014625884738
129328.11593966604,62232.22911432688
109241.05480495235,25535.857183401276
97317.44639989428,46016.102742143776
111192.92314525694,31389.186791365188
60728.096198287516,28091.392218477784
71830.81327725487,10544.463477022258
70151.8748400236,28827.13784627921
103573.57736909267,24539.705662949833
143312.8749871273,25216.99691364961
155782.5036548158,52052.42798635501
115951.27753601893,49747.9566695923
112521.11187361143,26655.014670648612
54973.556646181525,10016.518840754468
86433.15500664945,26242.588134244317
80305.40620229402,26187.319602682077
84478.8100437221,30102.340675104108
95796.40453538026,40481.58635119333
88197.73555757181,26836.247471119004
50517.504740605305,27781.074834271036
118697.75640293835,40432.24257193672
73181.42435650484,22063.352560358344
105981.17160277873,16796.760611206966
151852.06674374934,41814.70382699061
77015.38521033942,21653.189381649678
36742.811931341756,17223.662769667462
92849.89445299724,34315.779721343715
127523.99087496428,26398.4014572657
148958.68635551486,49656.75918156797
69261.26013868958,26462.785668540713
112417.48058091305,52106.92360365407
88367.23858049867,36455.71644763457
97351.29114239661,36298.283692578385
166108.58367542585,54504.09693467615
62425.74179012117,23593.535771870746
106343.49153736433,48417.753441672234
111692.32929413582,19040.993651923738
127144.65812348368,36945.02821801035
102449.57883677239,27051.438268806556
107701.26348760255,37073.027685110304
90208.78581445522,40931.72241398783
106728.17353112769,27648.164477346803
91420.19311256474,6029.415398334883
115539.29724640127,32391.903626720723
90759.74159890915,38352.18967203919
109427.50984755467,40110.27655153634
99268.42965787555,37196.983059743274
128151.2562693042,35190.46413578155
98715.15691028784,17493.81894473499
55674.18829482797,21707.713192974767
131548.0375178498,30514.98304863776
77356.69247843453,41385.884189832796
83655.8415337795,32678.972957704165
85108.4676489127,23121.625881558855
134360.95232927043,34951.79436179488
46608.14465053261,15426.111257180004
178443.71334149985,51861.93303862956
126401.4202266513,53591.713303373326
105580.97285322899,37696.3106017702
98627.64998459283,23559.83731898693
107138.85187144142,56500.9174447559
113028.06070948346,36500.62866878955
116130.38964875143,44392.17111982546
113890.11165008621,30608.0143613719
102239.51703138123,36510.23313852402
95066.53949231685,34328.70097202218
96218.1679086622,13907.447003602021
95127.29299118297,50046.9100405627
128344.25242167662,56475.71472961838
114838.91805702154,32866.04075842352
26490.284133392997,7027.896885840797
116397.51941324402,41650.64461158136
104868.40486796937,32215.97583093039
99532.28108885257,35846.72021996282
90287.03867277785,30177.22135458891
128102.81799965035,48569.24476877563
123688.16155307145,57630.99393011601
80678.05830440977,31026.621587801324
110176.30717811338,23974.485478874485
75708.58163646785,34029.90373500355
65509.54588027674,34023.71195647969
84332.06938525087,55872.937958104216
121559.83680956897,25203.689419705905
123828.12613440216,43746.40386490926
112827.13550243233,11787.269200642913
118127.39467119993,43175.31170589981
112904.45717787396,29722.836193164298
83962.96011942619,43773.64933047231
110798.06361684852,26262.848531143227
120010.23813069206,18268.913766298407
118857.28324533935,32362.261664481466
129722.83428686607,14291.95623263565
117707.5961800266,46672.082999678176
108786.20518853958,13034.134998941945
126753.75595791069,40558.30663500785
99336.9685187735,12313.385925194692
77953.13371930705,21671.71456359063
95923.3259014059,47008.77803440259
81377.43387983878,28177.809451476827
