Latitude,Longitude,Monthly Sales
37.374540118847364,-122.31486707116139,36.830261198651584
37.950714306409914,-121.95809905262165,37.5967946894021
37.7319939418114,-121.62705416412359,46.602816621477096
37.59865848419704,-121.76777511359045,55.510482602242675
37.15601864044244,-121.69343885213856,63.703769393498746
37.1559945203362,-121.84121663328928,37.95231573979483
37.0580836121682,-121.80772343548215,72.39032853439282
37.866176145774936,-121.65080434843468,45.93314598436147
37.60111501174321,-122.25033199114081,49.67949058477346
37.708072577796045,-122.01057503635685,38.79182481278265
37.020584494295804,-122.2787905581804,13.636396095905873
37.969909852162,-121.51233199200335,63.26068094541574
37.83244264080042,-121.55594066031338,61.0526584563865
37.21233911067828,-122.4605731886315,45.780086643226795
37.1818249672071,-121.7944248274843,51.00486075837308
37.18340450985343,-121.57475168258433,57.73908826556149
37.30424224295954,-122.31942465487266,26.56181214670186
37.52475643163224,-121.93205476944738,42.06420983980558
37.43194501864212,-121.58451170241196,61.913970194327405
37.29122914019804,-122.4660540214142,31.18565865246126
37.61185289472238,-121.80257973275316,54.40336898249944
37.13949386065204,-122.20265099262745,29.651272930648926
37.29214464853522,-121.57560380462347,56.996449736502896
37.36636184329369,-121.52894175483463,49.465377765537745
37.45606998421704,-121.55573351088657,25.77302276141736
37.785175961393016,-122.02578578334254,67.47109031685757
37.19967378215836,-121.63795734901069,38.981126348029264
37.51423443841361,-121.65545060146493,37.84621344478428
37.59241456886204,-122.18089952675675,53.008537958464146
37.04645041272,-121.67108452584932,67.22956024143073
37.60754485190144,-122.4629923652845,34.762672715324044
37.170524123687294,-121.90373012151795,50.92519774771957
37.06505159298528,-122.2699911627123,56.432247504958596
37.94888553725333,-122.37943311422272,60.39658410894716
37.965632033074556,-122.42304679837079,52.64662332915838
37.80839734811646,-121.80371122412186,44.494582413750166
37.30461376917337,-122.16012503623193,37.5861466902692
37.097672114006386,-121.77523322847124,51.292158245695624
37.68423302651216,-122.43464365920106,33.9179148202159
37.4401524937396,-122.1847096621694,6.179742747580889
37.12203823484478,-121.96050870762467,56.54839706236502
37.49517691011127,-121.70927683516103,63.55902261629293
37.03438852111522,-122.18124749706793,14.556013466872422
37.909320402078784,-121.87410862356299,34.854039429350934
37.258779981600014,-121.61402225176381,59.287313915077966
37.66252228435398,-121.8841368118177,80.86243204567548
37.31171107608941,-122.26704052524637,50.31190561513112
37.52006802117781,-122.47559921844346,39.07995588156298
37.54671027934328,-121.62990112609907,47.256553383427395
37.184854455525524,-122.4787305891496,70.62314628722277
37.96958462776456,-121.6252983273158,40.310537313131974
37.77513282336111,-121.97106286597278,38.0121199002462
37.93949894156419,-121.5609323014871,42.758847167269515
37.89482735042765,-121.70121676422633,35.70007087611931
37.597899978811085,-121.50206588946666,51.84005473992193
37.92187423502312,-122.14928818454828,74.3701768770434
37.08849250205192,-121.73281171106888,54.84618909674044
37.19598286241914,-122.09806908639075,46.21469746810568
37.04522728891054,-122.02012437969609,45.62283096626684
37.325330330763265,-121.87249453678163,26.552137869550144
37.38867728968948,-121.62632288581366,63.246646657207386
37.271349031773894,-121.51591653080071,48.83244204480797
37.82873750915193,-121.73172658613548,47.29280129614062
37.35675332669359,-122.08223321783267,97.8966135176729
37.280934509687384,-122.07864299772292,54.48129362548529
37.54269608315825,-121.76241769841111,38.72313424857224
37.14092422497476,-122.2612228542317,43.60463605691685
37.80219698075404,-122.38952588686861,67.22668563795132
37.07455064367977,-122.14537784235922,51.69905615806647
37.98688693660052,-122.21276100834592,28.4258303252395
37.772244769296655,-122.20369187954401,63.78843401862805
37.198715681534175,-122.26639224895008,39.97783871691509
37.005522117123604,-122.45790681036364,78.09946664326318
37.81546142845483,-122.48212606526658,66.20072098571973
37.70685734384762,-121.51227761026396,43.29017156511873
37.72900716804099,-122.07222686626413,69.2152454260267
37.771270346685945,-122.11567335284032,51.01783265791105
37.07404465173409,-121.82035271730693,62.79160512683329
37.358465728544274,-122.28174611213494,57.27099225941712
37.11586905952513,-121.55003881604978,37.3046501751369
37.86310342587559,-121.71365498558445,40.346752515238066
37.62329812682756,-122.41058899768774,65.44941226371742
37.33089802485265,-122.08241922421507,44.97837001840189
37.06355835028602,-121.62088169243783,43.94527305137005
37.31098232171566,-121.5552679777086,35.673161309759706
37.325183322026746,-122.03259848875012,56.353985983901914
37.72960617833807,-121.88658861078929,80.93787378864718
37.637557471355215,-122.33296605390792,33.9870062861859
37.887212742576324,-121.50883137386302,50.36329185009137
37.47221492516195,-122.26832829861655,71.18330833123144
37.1195942459383,-121.55726822586487,48.805379131314275
37.713244787223,-121.85035335100763,56.78557694374601
37.760785048616896,-121.89226320512114,34.0640970777968
37.561277197569495,-121.9873114889835,56.42460645811473
37.77096717995456,-122.26933018828224,47.192836024931765
37.49379559636439,-122.3234719679945,64.78594993519795
37.522732829381994,-122.27951379092983,67.81079077347127
37.427541018358546,-122.31356173785575,88.84345463027921
37.0254191267441,-121.72041552643324,58.69449759820363
37.107891426993305,-122.14987474083327,54.886944748732496
37.03142918568673,-122.4421573234366,52.91576452366004
37.63641041126378,-121.53089736985919,44.702505607839676
37.314355981076325,-121.61621411503657,55.077257651925365
37.5085706911647,-121.57224771680478,45.56897884791456
37.907566473926096,-121.50509217735356,52.52691464404421
37.24929222914888,-122.32610475078052,69.7639630341194
37.41038292303563,-122.10375798109735,34.90186152080538
37.75555113854305,-121.74176152429591,67.09817841693568
37.228798165491625,-121.8039793819462,69.75672601009798
37.07697990982879,-122.34610409366014,48.22897209513382
37.28975145291377,-121.68416687500938,18.172176514871083
37.161221287254,-122.27555942816333,40.882670193583515
37.929697652342576,-122.27618238517738,69.45491819841664
37.808120379564414,-121.96302557710659,49.656979065516765
37.633403756510425,-121.90706006515829,35.01046651557634
37.871460590187716,-121.91991379216219,42.42837618157674
37.80367207689911,-122.40851316260225,62.6093003975683
37.18657005888603,-121.62253913736961,58.20100352302069
37.892558998489974,-122.2343999574113,46.416018512454585
37.53934224191565,-122.3704850787172,44.49763382277969
37.80744015516406,-121.61125192013102,44.12362776434267
37.89609129992349,-121.54434850177024,36.163847232522464
37.31800347497187,-121.63787238273454,74.23063534204162
37.110051924527674,-121.69048392527512,45.1651929618299
37.22793516254194,-121.84475801936098,68.25737781238244
37.42710778862626,-121.94914262939086,72.81974077883677
37.81801476592249,-122.41301324008859,64.9746634722194
37.86073058325634,-122.0915467869293,43.52569530922928
37.00695213053119,-122.1273114829877,56.05595135504914
37.51074730257756,-122.24024621623967,49.63706590413626
37.41741100314878,-121.77657988631141,36.44447208904808
37.22210781047073,-122.00412426492123,54.865389225824046
37.11986536733368,-122.41895378409235,32.31440313260296
37.33761517140363,-122.27981679805019,67.81519082692346
37.94290970391252,-121.8167412363404,43.03074054052411
37.323202932020756,-122.4238691405097,53.01739483809259
37.51879062174336,-121.64879308595123,54.24931807319213
37.70301895889518,-122.00485347298603,46.11642539443884
37.36362960237929,-122.01941342267335,58.80040702212912
37.971782082720964,-121.90759221534049,42.876445150662136
37.96244729494211,-121.67531903407485,63.06945946185866
37.251782295825365,-122.15219079209781,29.810304796298773
37.49724850589239,-121.82198384744093,51.89569369319618
37.30087830981677,-121.93426803600421,79.08393498587427
37.28484049437747,-122.23297172983058,34.995030130916376
37.03688694735453,-121.62137001364484,39.83382544212723
37.6095643339799,-121.70257397839308,57.708617744883725
37.502679023228865,-121.84154816534158,52.69372672909397
37.05147875124999,-121.64941827090576,55.25945148910339
37.27864646423661,-121.6327057990402,57.337806952214954
37.90826588596666,-121.79163702328496,59.52082202842655
37.23956189066697,-121.66298667163633,66.64549762934334
37.14489487209122,-121.80252853833072,56.147279853927685
37.489452760277565,-121.8198592282397,46.38113518072186
37.9856504541106,-121.88138862178482,60.08860551804097
37.242055271511504,-121.74728336044235,78.49822902342824
37.67213554740588,-122.34139489470692,48.010493804261394
37.76161961532872,-121.61912924080107,35.38206042994038
37.2376375439924,-121.62815647225477,66.60621003930459
37.72821634861186,-122.47075271696544,48.19428254069603
37.367783132719254,-121.67418324943523,17.409956809789456
37.63230583059358,-122.37113013252656,62.711325157256326
37.6335297107609,-122.16488114574086,41.97007721069116
37.53577468407476,-121.7564917437084,48.64200076543759
37.09028977005441,-122.3392401039517,54.979704958535216
37.83530249558924,-121.68203297588094,52.857495196685996
37.320780064971736,-121.66786582204226,60.64177725708559
37.18651851039986,-121.99253226623917,43.46770444145235
37.04077514155476,-122.49361412828317,57.69658697264124
37.590892943188244,-122.21296186682508,46.106799836241244
37.67756436184228,-121.88307308162426,61.08215721331254
37.016587828927854,-121.51881382197257,59.2305122601958
37.51209305829928,-121.86818647298333,35.96841946933107
37.22649577519794,-122.24019641893584,66.28973174262549
37.64517279040945,-121.86599429690038,41.96054832328928
37.17436642900499,-121.96001462028414,62.12086697421718
37.69093773810246,-121.72015460484886,55.50930970102011
37.38673534630054,-122.39301936117305,77.57275515192684
37.93672998873674,-121.73897209749798,46.64801026442222
37.13752094414599,-121.95873342132388,44.760248058227035
37.34106635105026,-121.537007996141,49.708705911684014
37.113473521240586,-122.15812783396132,45.452303257485866
37.92469361827856,-121.86737810686606,61.99912852913075
37.87733935338098,-121.56797189448999,25.755340873451182
37.257941627715155,-122.39749027200932,34.194763712804686
37.65998404603418,-121.56277151276355,33.9829561763121
37.817222200201215,-121.81211427769918,64.25461387960364
37.55520081159946,-122.43216294089483,75.65920058872888
37.529650578356005,-122.19903643305318,48.433261721937924
37.241852290900454,-121.79182791135472,47.46767415214984
37.0931027678059,-122.43264939853123,51.050782446697724
37.897215757953326,-121.91782953982373,67.42817453912286
37.90041805716333,-122.15411694304704,36.089702987141386
37.63310145727327,-121.87908448223253,53.57553474102178
37.3390297910487,-122.45425796618748,64.62796444673644
37.34920957461266,-121.62846319384762,57.51641254909768
37.72595567887024,-121.5265110308226,52.843724248981154
37.897110259952576,-121.5311221447143,65.01569138850712
37.88708642426512,-121.75034816825708,9.451515605011444
37.77987554585762,-122.36991375986936,60.16812979296361
37.64203164615429,-121.74173680407098,40.188864753088644
37.084139964995046,-122.4754130835412,22.540506547153146
37.16162871409461,-122.47787644847101,57.66803899287471
37.89855418852708,-122.17638978085046,70.60487817744436
37.60642905965959,-122.01135680959534,47.93827228058462
37.00919705161663,-121.72959258219221,64.29311820804408
37.10147154286603,-121.81670462339349,74.18417386982968
37.66350176910806,-122.05409729362326,69.72371680376071
37.00506158384622,-122.22637333371833,74.59946794057089
37.1608080514175,-121.50287549984229,61.13191236607838
37.54873378936659,-122.07381869776403,51.13150458352389
37.691895197692695,-122.04861297567032,25.970512821542474
37.6519612595026,-122.33637617880834,46.30906267805077
37.22426930946056,-121.70519045125008,37.35130107025712
37.71217922134753,-121.80631777421851,82.5641407624672
37.2372490874968,-122.27923038721124,47.36171281351495
37.325399698159266,-122.41761895438415,51.848072101767286
37.74649140511802,-121.81950069792529,58.272280640607015
37.64963289904721,-121.84548878571887,50.654036695586804
37.849223410494176,-122.2267404730018,75.4257656064613
37.65761289230034,-121.5491364377496,40.66025957398322
37.568308603335474,-122.3489421082191,52.91911182855864
37.09367476782809,-122.0676651989574,38.86294121452927
37.36771580305943,-121.5563840798324,30.199662331689414
37.265202367681724,-122.08027268307387,40.82346363642072
37.24398964337908,-121.86147405233591,49.44444804427382
37.97301055475245,-122.10240560203721,43.5604666322411
37.39309772466676,-122.22578479765133,39.61368530189216
37.89204655517711,-121.51602235204017,28.90523804492249
37.631138625997266,-122.09066599368495,48.75341641056958
37.79481130354165,-121.60590079632087,27.429194389534967
37.50263709310519,-122.27004539410892,61.40083945534404
37.57690388462636,-122.28689529597492,51.23659629401755
37.49251769381886,-122.4688659171155,28.13672750802604
37.195242987798046,-121.84833317462412,45.36186384425205
37.722452115261504,-122.13147365627624,38.71765391614125
37.28077236244086,-121.63564175016036,54.78761765628771
37.02431596643145,-122.02679009330845,70.10675669034717
37.64547229590717,-121.53180657208527,21.87241295531383
37.17711067940705,-122.31447448429688,51.72539118721126
37.94045858435292,-121.6313768320444,47.59800806650039
37.953928577002586,-121.72340314720826,60.07010114675698
37.91486439022045,-121.72907815535595,53.19794942356533
37.370158700255445,-121.65521677188312,38.72046002391771
37.015456616528866,-121.738976009057,45.214190965000725
37.92831856258773,-121.87377967836858,38.05961214794766
37.428184148317314,-122.36875512231761,66.14010707897897
37.96665481904367,-122.46747382050874,50.319674730079136
37.96361997708925,-121.5791521521843,78.5178602862951
37.85300945546736,-121.88334968547926,49.090087792780686
37.29444889206959,-121.70346270902382,39.37389849634306
37.38509772860193,-122.01847764848745,27.29428411080759
37.851136671516855,-122.3826918110376,22.952904856160824
37.31692200515628,-122.37481420779746,26.237960854917652
37.16949274668609,-121.81443471277103,54.00689976517225
37.55680126245835,-122.06969410510054,57.63087534844901
37.936154774160784,-122.29947527329966,26.282139469518
37.69602979667497,-122.00840545325856,63.425574711141735
37.57006117008937,-122.43579106292486,42.75408422474841
37.09717649377077,-121.9180285980856,52.20189517978324
37.61500722669917,-122.2310065955649,74.18330942383136
37.99005385010426,-121.70244089936281,63.452589737982976
37.140084015236525,-122.18963804107642,45.97204028141252
37.51832965236374,-122.0447798509182,36.63211661877069
37.877373071927956,-122.4883794600919,17.722768980060422
37.740768617754206,-122.42755311220544,39.212700211363696
37.69701574099527,-122.10750644359331,46.83304641758458
37.70248408398711,-122.02006116528288,35.19230709273224
37.35949115121976,-121.8999794518807,48.031145493615426
37.29359184426449,-122.2083374212907,51.15277824438152
37.80936115547851,-121.80501811387346,46.627160272878825
37.81011339467918,-121.6398776028108,40.249961287648105
37.86707231858011,-121.72014901110666,52.529820079500915
37.91324055255647,-122.46038117465164,56.629109743541136
37.51134239886094,-122.01949305274218,33.64401383835731
37.5015162946872,-122.39506982158183,71.16398569619405
37.798295178966775,-122.25795498413747,48.521178015736076
37.649963930777766,-121.51333740673286,50.28274434417271
37.7019668772577,-122.35750445709849,60.62321634884836
37.7957926694361,-122.00111184654864,53.49824196895253
37.89000534181756,-121.88184426568188,64.29704950869868
37.337995156851534,-121.7975350294559,54.30686247802736
37.375582952639945,-121.94035131651309,40.81343938039343
37.093981939840866,-122.49022915258081,55.42255287809152
37.57828014099617,-122.17353869175601,32.844106890190076
37.03594227379674,-121.98228835661529,51.62839558664785
37.46559801813246,-122.41213350085516,49.50155014033309
37.54264463470758,-122.14937306879082,46.8782471409119
37.28654125212829,-122.46679689120863,48.07193732841604
37.59083326056901,-122.42142150284498,21.772264317535413
37.03050024993905,-122.10307672379841,41.76912638388558
37.03734818874921,-122.36728424595694,51.39267351711672
37.82260056065966,-121.93245915173844,52.397845879961004
37.360190641411265,-121.81053503086274,34.58487288611063
37.12706051265189,-121.69941330089091,68.98561761297051
37.52224326005481,-122.29984975575519,37.007377276782485
37.76999355309861,-122.33251741774093,64.54185800790106
37.215821027496844,-122.3954321596656,56.40791542807527
37.622890475819,-121.86356975045636,40.30659035234295
37.08534746499377,-121.7935242735131,76.62966338914268
37.051681721168606,-122.46841385517436,32.095447523652794
37.53135463156815,-121.56378775375632,63.787312604150024
37.54063512161011,-122.44802871634853,65.00873477064468
37.63742990149821,-121.95870366469893,39.94069686385033
37.726091333722664,-121.79093948054908,70.88697950096493
37.975852079462534,-121.62903087625392,46.24930228101571
37.51630034830119,-121.78591306786757,54.33040443919786
37.32295647294124,-121.69827191693021,53.90482758156831
37.795186194768704,-122.16054980745719,47.98536887794178
37.27083225126207,-121.68517488625349,62.16212409739673
37.438971420705634,-122.41988515361533,61.902330808283196
37.078456381342264,-121.60518334393947,23.772020401427287
37.02535074341546,-121.95240762384627,69.56510364317229
37.96264841467792,-121.6827022300375,25.062620179464886
37.835980120512204,-122.0476817154817,65.48819306512486
37.695974206093695,-121.85642230480347,66.90057705241375
37.40895294441427,-121.97359733906389,33.63550354677203
37.173294320070845,-121.76841047824468,43.83778568068123
37.15643704267109,-122.41837001796941,33.41442997271096
37.25024289816459,-122.43964791600943,46.77618454566897
37.54922666470612,-122.25289676598986,45.379485737213884
37.71459592270006,-122.34045531988681,61.6949079840401
37.66019737671773,-121.6282164334078,69.65463119179412
37.27993389694594,-122.28078601264195,70.93525716184934
37.95486528066319,-121.52413474418087,41.567479601325466
37.73789691669577,-122.16310420822889,46.86167189383208
37.5543540525114,-122.31788208431131,24.748427116685747
37.611720746234354,-121.71030149285752,37.911949002557165
37.41960006242779,-121.84129222449913,64.47277449646187
37.24773098950116,-122.00180428354686,74.23374235322348
37.35597267865126,-121.94463644906237,31.48476692180117
37.75784611046437,-121.78079822172774,41.11303611270659
37.01439348862976,-122.2715452586687,49.603913645616096
37.116072640506914,-121.50366608394326,54.2024173822941
37.046002642021755,-121.52520683785322,37.85594720117531
37.040728802318974,-121.84967431365307,56.36091566696135
37.855460584011006,-122.30045754907086,42.89240979393626
37.70365785938002,-121.8197717575687,49.78321593682581
37.47417382908733,-122.42780159102082,58.194263720055496
37.097834160651004,-122.46934749779419,50.09633404716407
37.491615875116835,-122.24231711148879,43.45421164210147
37.47347177078056,-122.03737704326069,48.35585294111254
37.17320186991002,-121.63172749459162,48.67455561191997
37.43385164923797,-121.7728309302337,44.449834551768085
37.39850473439737,-121.75729347880002,46.11805905999346
37.61585009805221,-122.07450666555192,73.97970755757075
37.635093650867645,-122.15406500745304,58.41379171911858
37.045304009772046,-122.1289612370154,45.56779522956259
37.37461261462647,-121.51235043626394,60.45431606766103
37.62585991571424,-122.45989080858752,44.99270765365985
37.503136258580085,-121.63296850387755,67.59686956379961
37.85648984118832,-121.9213245914276,55.544632882971406
37.658693631618945,-122.06138458081041,48.39046783993657
37.16293442708143,-121.77474233958486,56.715753887154165
37.07056874740043,-122.0133310585753,26.43685771897251
37.64241927820632,-121.62657676191834,33.09848796635292
37.02651131054162,-121.59929813598875,32.091124904014166
37.58577558127347,-122.07827907312654,52.1441464214556
37.940230241424956,-122.22317220276494,75.98772499227638
37.575474177875876,-121.90764967140663,83.46950219288948
37.38816992620652,-121.5876366543833,59.57076652161136
37.64328821844235,-122.28933781099434,57.51266712416685
37.458252890491515,-121.87703341643652,22.984133987708915
37.545616789315936,-121.86843977990748,41.859893003989676
37.94146480877652,-121.76688697758472,38.183243721376414
37.386102637800775,-122.36843231487273,40.68728602623326
37.96119056382391,-121.78417503531792,47.47784272122816
37.90535064195606,-121.59096747933435,42.91864133454309
37.195791134789296,-122.32031689112976,20.310502844363185
37.069361300875165,-122.26245667507612,61.21865384176301
37.10077800137743,-121.52860490595836,33.9088546139029
37.01822182565155,-122.31902304729051,53.588702961667245
37.09444296075593,-121.64561490663043,81.1112400462496
37.68300677341636,-122.00772214355196,36.20923112620365
37.07118864846023,-122.25276892559683,12.045687158805052
37.318975630293764,-121.62925009872748,45.70993667179834
37.84487531096946,-122.05469474499733,66.51439452497857
37.02327193573583,-121.98518264607031,79.37521181330891
37.814468482588936,-122.14076663060024,31.55675608321375
37.2818547747734,-121.90704914856508,57.45048834854782
37.118164827621655,-122.33647612741498,43.0203431482992
37.69673716536415,-122.10891846334825,48.410774685437964
37.628942846779886,-121.53058767766471,89.66515020525551
37.877472013527054,-122.24186656729887,27.455445074072703
37.735071043803885,-121.8432633354587,53.8060949224186
37.80348093038485,-122.1748099357753,57.0153975764815
37.282034572571305,-121.7265268743134,66.2867948740902
37.17743954377972,-122.36912633928165,51.46974730206343
37.75061475164086,-121.53017895492145,54.62075809256154
37.806834739267266,-122.04621045861636,44.125271488673135
37.99050514200067,-122.26394953665354,54.03690411867661
37.412617676911424,-122.42650325266999,44.85211586753884
37.37201808579278,-122.33024209491246,59.323578347840765
37.776412960742,-121.98022605144398,44.45584495934549
37.34080354025302,-122.16299682356872,55.65650590853279
37.930757325603565,-121.6711166341174,49.56105779472532
37.85841275184301,-122.06911247633819,66.89075376158252
37.42899402737502,-122.25128572741237,49.229094146172706
37.7508710677915,-121.88285501339597,23.40451297689678
37.754542874084684,-121.79322278311456,68.92882251070988
37.10312386883593,-122.33295809209905,36.414015487060716
37.90255290667957,-122.33238078371168,40.1935049202677
37.505252372447856,-122.46332857306646,41.065080589347616
37.82645746610774,-121.76359798493436,70.61657139756227
37.32004960103061,-121.8361954723782,17.964886790319568
37.8955232284962,-122.02536912425019,97.0662280048999
37.38920167873416,-121.6558295510308,65.84085213599077
37.0108376514803,-121.69432984704994,53.348583711937394
37.905381976419264,-121.91464563560325,49.1765899907557
37.09128667678613,-121.63172871948674,54.28331112286485
37.31931363759041,-122.29415878996323,57.81683642569008
37.95006196705081,-122.38808038060228,59.678233789250854
37.95060714693756,-122.23025038848301,58.334066990051724
37.57343788812329,-122.44291314391069,51.34371021882873
37.6318372121698,-121.96883047199897,47.03992369539011
37.44844552197832,-121.56339430770504,47.730900745197324
37.293210771698064,-122.46065645933149,47.07637579470978
37.32866454536992,-122.37789008598997,67.00655145300597
37.672518456077036,-122.04780097171657,58.90335083421293
37.75237452943768,-121.56612498247209,5.894170480035797
37.79157904372585,-122.18384389502324,59.83851164794642
37.78961814279455,-121.9927651913116,52.92104292078162
37.09120610304869,-122.45842714094961,49.71936865331154
37.49442030470258,-122.35165679903791,44.17222320366671
37.05755876001665,-121.51336987704116,66.86169079979021
37.549528882323735,-121.53488130356395,64.21289693184286
37.44153050137338,-122.49506001906559,38.40683498264586
37.8877041827583,-121.54818821457675,56.105784306868024
37.35091501255208,-121.8608800621845,35.42514898188071
37.117067016427605,-121.63208170547998,29.30572752816604
37.14299168205284,-122.04526014436614,40.59924163115052
37.76151063171747,-121.98440397142075,62.93590208574138
37.61821806331626,-122.01115341974308,64.2968756806413
37.10112267612279,-121.83313574245389,57.69628130145939
37.084106806114995,-122.36034874524368,60.87643680271996
37.70096913145912,-122.47002641012732,57.742674306724375
37.07276300636419,-122.1920700584088,40.37777607165572
37.82186005929036,-121.79531923726336,56.47883817010911
37.706242227156494,-122.29814654787705,62.00614287841523
37.0813487806419,-121.82656756667508,61.314369947203616
37.08483771408519,-121.53008795389273,67.83370057211964
37.986639578501176,-122.40609928421058,60.624557708015956
37.37427079575612,-121.82739788177487,55.27172311312374
37.37064214706689,-122.05624978069542,66.05225357474642
37.8127995672575,-121.6318577456225,49.6021811112641
37.94724857738386,-122.32285021055262,36.771880231584234
37.98600106382287,-121.80737404777383,47.553995540843545
37.75337818525894,-121.66188471035188,38.82646032790326
37.37625958553092,-121.55538578052598,39.87232587538428
37.083500716698666,-121.81675197171036,47.83221993926723
37.77714691592744,-122.00282523599158,38.11370118500058
37.55840424973581,-121.88215275979879,45.38057705541439
37.424222009246975,-121.63109501552128,21.595779995693213
37.90635438509474,-121.92939025336118,53.19940561059408
37.11119748230615,-122.46961294030316,50.01808213043336
37.49262510429086,-121.56905130449302,37.74367053397714
37.01135364476742,-121.81047324896844,59.88868502648607
37.46866064199413,-121.82348661422276,64.06355206439838
37.056303275681834,-122.28432484760228,25.886602034465387
37.11881791626807,-121.84111452976734,38.55912832150679
37.1175262467771,-122.10613559434584,38.46286475319053
37.64921030211606,-121.84876702295851,35.90145348336703
37.746044879265426,-122.39340696969201,62.44212262897623
37.58336876509716,-121.84215469539697,47.09260791840795
37.96217254847454,-121.50058627422933,46.03227738034084
37.3748705795237,-122.45178796113944,19.942064533898698
37.28571208628186,-121.52282581577869,59.5312704531384
37.86859912818946,-122.09309203927712,31.41112407719791
37.22359583851945,-121.62924654966274,50.89898945399492
37.96322253944061,-121.71761451594173,54.160654069372875
37.012154474689815,-121.93298373901334,70.40987893757976
37.96987882670764,-121.76155079074867,30.36769401321332
37.043159911950575,-121.62148443869866,4.707317662687622
37.89114311369807,-122.09585967834897,52.75774317130542
37.5277011090863,-122.17296683843676,77.0076677226628
37.9929647961193,-121.83240661443642,68.58419529409156
37.073796564735396,-121.69215405805875,53.14489122911939
37.55385428440132,-121.73771486522338,42.62545721551929
37.9693025356191,-121.70218635114136,62.10683894955966
37.52309784417015,-122.06441668518707,35.39680700443297
37.629398638135264,-121.68216578382498,57.14536654034329
37.695748688984615,-122.37979094462939,57.5820523874994
37.454541064767774,-121.95551090203915,65.90314861248319
37.627558080084064,-122.49424133950188,91.39490058366616
37.5843143119231,-122.17541417009973,55.88623950768151
37.90115801049099,-122.13353846512861,42.36554561438752
37.04544638034146,-122.10382730839075,49.616385317120084
37.28096318959223,-121.80453279331014,23.463861426663225
37.95041148407656,-122.11144189872965,39.579303033664125
37.890263783890916,-122.05130637737747,43.86076342830344
37.455656752785714,-122.26245586912567,42.138674030981115
37.620132597801536,-122.12674820837066,52.28532308050583
37.27738118298113,-122.27273037273685,37.66370101426699
37.188121159723764,-122.42680407623156,66.81546000986707
37.46369840493998,-121.89655140661863,50.00310597377295
37.353352228026054,-121.83178720144498,49.860495182920786
37.58365611185087,-121.88050965399039,45.081579252306234
37.07773463696498,-122.03650595619943,52.32786025788469
37.974394807666165,-122.12021421982077,62.37647397001452
37.9862107444796,-121.63666635042817,36.9930467643365
37.69816171401975,-121.98091821486378,40.12825266387115
37.53609636634412,-122.02081812237027,45.44410956835003
37.309527616286324,-122.47435793419356,29.811936147901775
37.81379501970695,-122.15875217237384,37.71113210417754
37.68473117255388,-122.11980438121414,42.85668689683011
37.16261693934489,-122.10117721910309,63.11583771069091
37.91092718449384,-121.91982763077267,53.938419935028875
37.82253724292317,-121.96639745327312,52.90384867051316
37.949799913291926,-121.89209490720656,62.763469432519585
37.72571950838836,-121.73511673845788,47.93942317400905
37.61341519593579,-121.6870142612839,55.856972748933345
37.41824303629062,-121.78187692377351,48.451673706012556
37.93272848335401,-121.54447630404506,53.980435240994424
37.86606388950041,-122.48176741732364,41.25862013582627
37.04521867010619,-122.30422201431645,13.417742625853563
37.02636697449725,-122.49243712502185,47.985812567205436
37.37646336687805,-121.8525252858454,71.3412220414991
37.810553330781836,-121.60196945105001,63.893231033623884
37.98727612931494,-122.2565177034237,64.48096226886756
37.150416891103525,-121.5729654552037,68.54196082709326
37.59413071535214,-122.43973260971043,51.32986386442156
37.38089085663102,-121.56556397319449,52.959735611083936
37.969914397814605,-122.14837731276036,40.73522156848475
37.84211892313571,-122.39857917155078,45.25890715959425
37.83832870471114,-122.01412824081368,59.23656724656712
37.468693159794974,-122.24322343227949,68.05826655753225
37.414819502337664,-122.21512709803808,47.90830586478501
37.273407071930706,-122.19271003507372,43.24716102722883
37.05637549665093,-121.69697410216733,50.00791938284896
37.86472237625505,-121.96083872332474,59.01810123393672
37.81290100913008,-122.188692300844,28.342177757996872
37.99971767328613,-121.88966621668908,15.557285702941428
37.99663683707391,-121.7838493257768,41.74194725762625
37.55543170560263,-122.22737599926647,31.68931361128762
37.76898741518051,-122.08645089847465,42.37789703529034
37.94476572988243,-122.37811390666305,47.78329521773793
37.84964739067741,-122.31885065046532,43.2012738646548
37.2473481017432,-121.81888214603502,71.78701301706118
37.450544135310096,-122.31856165230437,54.9011714690348
37.12915941515149,-121.97483661633294,54.507115394162426
37.95405102725872,-121.79095373827757,59.333107160651025
37.60617463445088,-122.39312307690525,32.917503233288464
37.22864280550346,-121.9326877803711,65.58667681130403
37.671700684405856,-122.24343721629863,48.863535701968104
37.61812824045789,-121.53707312476241,60.05720925861819
37.358162718032844,-122.01645435328008,33.92214150439767
37.113557592199626,-121.69400745022485,26.693618509759034
37.6715731955928,-121.94977345784373,62.26834487037543
37.52030770090379,-122.45658746714518,55.64614289146275
37.77231839173564,-121.86684862440597,36.46922668463735
37.520163501111995,-121.54859665779334,36.95505378087958
37.85218150031854,-121.89838817985367,66.88152176622154
37.551906838774485,-121.68081114057321,32.15882160699008
37.56093797153539,-121.6157935366516,74.64009429883944
37.876653602658344,-122.27192022805107,36.49068898028197
37.4034828662124,-122.28795516009177,59.57587888412574
37.13401522845064,-121.889019011149,45.07072286376523
37.02878267631334,-122.08897153019329,59.047811466235146
37.75513725567362,-121.66013869713328,41.838289968287114
37.620309551353465,-121.59997687660199,47.558106408915584
37.70407976809923,-122.14657862069728,50.61378763093582
37.212964161508914,-122.26312944102551,34.96718816327791
37.13637147558677,-121.71947448475613,61.11236518130189
37.014544665667884,-122.22519396445186,42.30179650292622
37.350587558806595,-121.67738568148633,46.571001269899725
37.58991768685463,-122.07626174635124,35.08475938087231
37.39224404509973,-121.83245010070853,11.564995118070343
37.43747492202373,-122.40446468616533,47.13458356099746
37.904158694493745,-121.87614067532343,86.18923132419374
37.3482554670233,-122.04823232126277,61.769064318470356
37.51398948915981,-121.91339153682452,49.71109430398408
37.78365301274114,-122.33198579225514,46.05663756187599
37.39654278232127,-121.76312625505582,50.33698839218069
37.622086700227875,-121.63720292245677,58.20678672762815
37.86236370874675,-122.28326019990922,32.28780777036732
37.94952062365764,-122.40428544447984,66.71482542003308
37.14707348092904,-122.47636141395367,60.73071973161866
37.926587625161496,-121.85802849955674,60.772785885619015
37.49211629307954,-121.89290596391122,56.57713608214591
37.258244388298955,-121.95330258728593,50.294249865409846
37.45913575623826,-122.26805290388403,60.0929185395023
37.98003257528548,-122.10909400409449,58.87721200612067
37.49261809399287,-121.90552366481383,44.68938933588464
37.32875161028751,-122.00323314114083,41.39597340654649
37.633400854316726,-121.51221447978511,51.527844428929804
37.24014561877819,-122.36356024744326,73.23530227242782
37.07586332810867,-121.80485544595241,31.413393865191487
37.12887972191065,-122.09568123189571,27.9871210137134
37.128045838957775,-122.07180038507438,52.47141261854775
37.15190269351229,-121.78240223434183,50.76331552784027
37.13882717264941,-121.80756384867563,52.60012496555612
37.64087474480321,-121.50874400629782,53.659297968627506
37.18188008439915,-122.37160571054588,46.65196618047792
37.34566728332386,-122.39589035061583,72.34795157903123
37.89678840990601,-121.77566118287126,25.986440322852268
37.47396164026287,-121.92161308299359,37.57254462829631
37.667557738521026,-122.22583933344019,48.45117859776429
37.17231987120163,-122.420580631011,25.352167832687492
37.19228901880867,-122.41434175040357,47.362183933518935
37.04086861626648,-121.60580912533588,74.92205248592028
37.16893506307216,-122.30813267528126,50.313297324439425
37.27859033903196,-122.17662843788447,53.460513585780255
37.17701048427675,-122.273343597773,31.097528522411295
37.08870253375706,-122.14500369416807,40.75457887940784
37.1206358711006,-122.43057615725391,44.37205429514094
37.460778768032725,-121.98094020909173,45.23427354865649
37.206333718405794,-122.43238743640778,69.22465692505654
37.36426986104807,-121.69964349217764,58.36536591087687
37.503417270854854,-122.26628791808956,33.32813064594452
37.690394828629366,-121.9599880853955,53.697571676480074
37.0393121398411,-121.61992091243854,57.47332622745178
37.799410398909046,-121.8491226309528,67.102235577819
37.62790038949091,-121.96704221344866,73.70811029852561
37.08175903194887,-122.17566624688462,34.77358712258197
37.87357862410678,-122.1669980869418,37.83713733184493
37.92087240053181,-121.8305130448018,31.136332116280755
37.06107795985486,-121.50586063877883,46.48970211339528
37.276877648147206,-121.83816081015063,56.995375616695014
37.80620127979306,-121.94221658262998,64.81001774883653
37.748259690383655,-121.76934948976076,48.86073464536216
37.184521019356374,-122.03479438771627,45.202287151177345
37.20934932333671,-122.43985765739922,52.27636988373111
37.37047210279138,-121.93770318412209,37.472856475549655
37.48452298519102,-121.54237471549462,81.3430808254216
37.618254771530296,-122.32469705764234,25.88508459322912
37.368913639569776,-121.80999510917934,52.77110868343587
37.46253471613315,-122.29906631134094,80.35409328844459
37.74747093813376,-121.96417231552692,50.10199766839997
37.0366832028906,-122.40332355035328,47.14941447497758
37.25243694434402,-122.04962906374182,44.63831865784359
37.71334958588455,-121.74383667110476,47.29412477356388
37.8952068376872,-122.15242847576101,70.59272712014796
37.51167744211567,-121.83508827551279,16.822071330057398
37.53211348526531,-121.70455003921028,73.00150551944489
37.10717201133978,-121.57282218052055,28.640642713247825
37.44741236682346,-122.26535791814455,46.00021506148378
37.53261726645502,-122.10068408419069,43.56133369552008
37.24247050363473,-122.34758398666958,58.828299046560794
37.26924323094938,-121.50751649784162,26.028134721743786
37.37728416310462,-121.5729990320757,56.93258999122914
37.020071197777725,-121.96004286971944,80.36464434930278
37.322079165583176,-121.65796670562358,29.552389931107843
37.21144800699655,-121.97904202272795,52.84559251415593
37.327497352177915,-121.87641431199724,40.070267333050865
37.11976213181925,-122.41087556788398,56.388308092895535
37.890527280739896,-121.74472957950319,50.28721666123628
37.59359245355405,-122.37228651636477,40.37769636433536
37.67910231914449,-121.67393236974748,57.31808427306611
37.78917123860734,-121.71797191232962,77.06522164680115
37.498442198929055,-121.79125530225703,47.13644312409052
37.08692028808743,-122.46383961947524,60.79636913222273
37.537106541818545,-122.19687164405467,30.600905631932545
37.58684111802088,-122.23688743008915,35.65345434772987
37.74543947418433,-122.13986359252849,57.08609416820566
37.43165954622968,-122.41235725323617,72.26174042803947
37.127580302795565,-121.56304217696893,55.3342002317849
37.28377590579873,-121.94619775928763,45.30412954215269
37.36308229639864,-122.19447568934197,49.98937108135031
37.6459172413316,-122.10301848292572,31.243883990454236
37.57077830466891,-122.05279745949517,59.0677298953305
37.35609672589785,-121.89940566663938,63.234995934851135
37.986515248792976,-121.9843205723035,43.218645007503795
37.60577481935689,-121.58060802678558,42.94936778360748
37.23722679173599,-122.00303651709417,53.98817344478073
37.10178247262041,-121.50784198517668,43.44920395939107
37.15285913918433,-121.6485750422549,49.008010780612665
37.24595772838451,-122.29148948564267,81.49582683749773
37.16068137325956,-121.56940478535608,46.29461448881005
37.18656702405131,-122.38363360211453,44.62489771968167
37.28509516869385,-121.6825502915088,40.286872915472614
37.173373595294755,-122.11937670652343,61.16287957249905
37.89676542462642,-121.62202567955494,47.28163740172845
37.080233745661644,-121.63194330989255,40.25940442517861
37.52451138957026,-121.69407459988238,69.81956048409518
37.41039682698966,-121.70996956369294,71.29404506770456
37.982378616908605,-122.19532086090196,40.99364651391942
37.11203890216805,-122.41908071694874,22.001900729590755
37.39785559904574,-122.09701982123484,65.11270534755383
37.96947043327537,-122.32647548501349,39.73055261359994
37.86550712589398,-121.80504891109754,61.85938398744153
37.81707207094928,-122.15390027346221,20.448442734322466
37.25790282704494,-121.52438979914008,63.38896007448964
37.17088758739006,-121.85902792265466,31.83242106078828
37.668643219924434,-121.67751943636564,60.96146178599787
37.929375989127585,-122.36747532725815,50.21409601754651
37.55676289301393,-121.63798551772737,35.690908709050326
37.5716126894699,-121.5772428094866,43.894455306098294
37.27997909366029,-122.01293808118106,60.294776854350516
37.769492933191934,-121.89374706224902,51.58841679672852
37.18704374855752,-121.735190199097,58.766194707087266
37.323679236404246,-122.32516137273959,79.64660876773229
37.425436438616416,-121.99743392353656,26.53637582433423
37.507610378684454,-122.10133697222768,74.25818862452937
37.242409732415084,-122.35362600783775,51.565339062848196
37.1148368247392,-122.13246557770847,36.51823927515308
37.61062004244163,-122.43182769061451,30.04529561391515
37.28863055324025,-122.47418809305051,47.163194138344494
37.58123822142261,-122.36483371084518,63.82475167886689
37.1543627152742,-121.53688488841082,48.08676319433699
37.48114010185482,-121.95047046410498,72.66732395371021
37.53258943255159,-121.53417783884677,28.232364649226618
37.051823536822425,-122.06750212166986,49.81866578230918
37.33660427819392,-122.18818386691474,31.214098333803214
37.134414676938974,-121.99385813715976,55.45447823937452
37.063374970472765,-122.0604883113671,63.30331085145951
37.98996023238995,-122.39433531573826,43.6885730947842
37.32235384497472,-121.8591736853098,10.936792150592986
37.80987444585463,-122.2839618174904,52.98422220194742
37.25464065476376,-121.88041204510218,56.55107827600264
37.68150272222393,-121.84979890760185,56.06442132442547
37.76022785988969,-122.34797514687135,68.53673287733231
37.595638740607846,-122.43865037288933,33.93419480526427
37.47157618855016,-121.71923841393156,60.20324158175674
37.41184091414727,-122.04019957623068,67.88761268716962
37.34886826654299,-122.44183620449452,23.321186239902246
37.92952914424782,-121.50513368283023,54.79477738878466
37.83061940778773,-122.44221943900364,42.43730253488493
37.96502691066651,-121.80496477114144,48.77715990347531
37.12429722348554,-121.51632107473658,55.215147253075045
37.730867475203645,-122.26081989578408,42.691571538296714
37.93834045682104,-122.3577506313128,39.86437881257582
37.18123306616566,-122.37861506057757,50.512286262320366
37.06649626736678,-122.19672485243241,33.69131091705796
37.74112064929006,-122.39895418898935,33.712623066722216
37.57447311317991,-121.80783865830587,60.19059924434755
37.84182877675827,-122.43770820186994,32.76808947262016
37.13977237662629,-121.9905778718502,59.994687513638176
37.79526731185989,-121.50330314614702,56.938869392809266
37.20162732004774,-121.68602973049398,24.11289906814105
37.1636559428657,-121.88478056176899,39.83653021496517
37.164265797930994,-122.1937463792134,67.91164104571058
37.814574720231384,-121.87610416370836,35.28251703290478
37.6651972206962,-121.97295853608834,43.033936065359185
37.52306542476912,-122.07391661610963,56.93091339877844
37.3588304841235,-122.3692896232598,61.75085763923893
37.87720054081311,-121.61339578475953,46.22691670933256
37.39244510742264,-122.05021535117868,41.03734707962538
37.816599439471574,-122.30537748817923,71.33554792547761
37.43913490857022,-122.1322406491227,76.08349495696368
37.37694442942491,-122.08587024747108,64.68287076172693
37.46267978566961,-121.67246210443312,51.27977213847536
37.30137787416414,-121.7663856194386,37.8760141753861
37.74760938017625,-121.73069510635867,37.54333390165152
37.50272039009248,-122.48896873557135,57.837711578986365
37.23221269514682,-122.08384600182023,56.275973313330255
37.89957457327457,-122.01865584836467,71.02397889419645
37.38389122137321,-122.48080772317694,59.75675138804209
37.54355286111399,-122.24018679125497,27.45379547360273
37.90647211096455,-121.73971017687786,65.77921426584378
37.624237995913994,-122.362890294271,35.02909059028381
37.116898040708364,-121.96468986854741,44.24043092071473
37.93983212361348,-122.28479812798277,53.75300309377542
37.627708053071416,-122.48787922535611,79.93501234675946
37.33490561465709,-122.25879854240046,96.64877834008041
37.13927207266339,-121.52412624508995,59.10084588704274
37.79402518927029,-121.698462888117,47.25205071919418
37.62007275592851,-121.54042335567897,58.01758472720825
37.53346109197632,-122.01214595607364,63.31483138810754
37.893892583050956,-122.39026380132249,45.189985616642126
37.788597211224534,-121.95204051102631,76.92817033868484
37.15167487973275,-122.04562266544004,53.45106138787103
37.31172206779555,-121.65564291726038,57.46614633637091
37.24848913981447,-122.40191741921575,59.98886378081692
37.74394629257268,-122.01175886297823,56.32379915921683
37.03353243473578,-122.34995133530602,62.58410750704418
37.56988968487131,-122.17532407310993,40.741202201796156
37.76245868574069,-121.7626429226122,41.62547369080954
37.876765636761746,-122.02398187063123,33.497686505424575
37.342081748715906,-122.12411171485424,56.59251845930339
37.82125730467201,-122.10552372142996,61.68404755268171
37.110631736955206,-122.04055323159402,56.866592992278285
37.846452291734515,-121.71498345616294,75.11738650021306
37.127488662331984,-121.60791531105977,49.9160597175643
37.39728729056037,-121.54466531349607,60.03112483388769
37.797295365779554,-121.71309661374471,33.624486857910284
37.149917427348775,-122.18459310425199,44.193504462883986
37.229251395232644,-121.81186529391346,60.43306636348666
37.72225256839307,-122.06239687594461,62.73653166114716
37.720036536546075,-122.24532937795395,45.59049578503726
37.6411476328853,-121.65912842057408,48.926011222129
37.6939484444671,-122.46157365103768,27.23189379978786
37.542724443347595,-121.59823800786458,44.64456198790086
37.251799058906954,-122.03852253537526,63.35574745279679
37.34569599350392,-121.86279852319171,58.628075241598495
37.18159771680143,-121.84064607779422,57.50998582071814
37.90845056133363,-121.60488225929346,50.746605307714404
37.58339179476612,-121.86333031783279,50.105947379422645
37.40085141676364,-121.88606641523994,40.09518290789829
37.46200580364413,-122.43334795943932,60.482426303038025
37.947283339611815,-121.9815919780548,56.314594165840845
37.15335140311608,-122.34983099918296,57.38028271989199
37.5862298320168,-121.76256623127851,42.10947735998629
37.50588867888447,-121.98777807918732,17.699856201931333
37.61145423543465,-121.81977222079165,66.45729067630543
37.01811018382084,-122.45832709939762,42.81743815987394
37.872123908944154,-122.41520798395419,37.058363539353195
37.932118282483614,-121.78367661193732,60.4021836787099
37.56513318358921,-122.42791566400133,44.11981040121306
37.696650823876894,-122.42874327223474,65.89904576069932
37.922499381177296,-122.48789152476512,59.25508924365046
37.7072386343134,-121.54349860170052,60.253539848007165
37.15253904291426,-121.76249164054099,29.510664331991986
37.576288360166814,-122.14674859149794,68.179159780796
37.60671504638285,-122.20346441871234,53.91875796850784
37.424130671302386,-122.15029677025414,44.460842911306955
37.736444235624724,-121.72534646881881,52.15082701013377
37.934367014769016,-121.83862938892959,23.3564715065252
37.92556851290678,-122.31480443213253,56.12979217221006
37.45083937140413,-122.32589066466592,34.559427377268925
37.11323804584075,-122.4016043502866,29.709945712346983
37.984841198962336,-121.83969728029867,27.164612206731633
37.83889808644594,-121.73562733777827,66.69032562484888
37.12466268120327,-122.23495357167499,40.561049094608165
37.920841882617374,-122.4790550389691,73.00591564874749
37.86989636206213,-122.41782833252357,41.96297805421553
37.518838057126075,-121.53213996515497,24.3896306361058
37.591275435744926,-122.20455522252259,33.25213340077011
37.39900270387013,-121.73077685216187,68.53717430010408
37.05476163882203,-121.87533643114574,47.66152733094999
37.3351972416459,-122.1180603603471,41.77569055264099
37.802853448598015,-122.29431273780445,52.40027338779181
37.0046320230046,-122.3786135818406,57.52674104251317
37.333499171691145,-121.88498703196113,66.76098223853691
37.39816869359095,-121.72536621936221,71.7274884483939
37.53739560293792,-121.85609574645886,44.60347031316371
37.91985561641276,-121.96969786675083,30.109284708769426
37.34634599436596,-122.45804877656836,43.79802258315086
37.34695320189623,-121.53151122240561,53.90420759874329
37.73750124810975,-121.70128580834543,35.54361610684084
37.45221794088981,-122.20717796329903,35.642736276574354
37.22460482293998,-121.52002967064115,55.15681822324828
37.45243951613269,-121.89811841036368,49.270214726443236
37.1408570203798,-121.91757734179275,50.4919549311738
37.17638698650622,-121.75192682057047,38.62256997949896
37.49836777273948,-121.68823021190987,46.54398928691349
37.41892544950455,-121.84352139266849,36.136502835975435
37.9148459010681,-122.3719042536338,63.3529761668718
37.36239389911663,-122.1617324940055,65.52874002085629
37.58058835027804,-121.57191635967395,22.30718206642859
37.63226428791953,-122.27538438815616,36.05733709711385
37.013094456588334,-122.12783297616248,27.552061173648813
37.66353737201671,-122.0679231170558,40.249640983896526
37.17803596686975,-122.06059501030555,48.748430453144586
37.961070317469456,-121.88706041750548,28.25532170452205
37.14866272775311,-121.5569241622553,36.1721028031203
37.41462412372702,-122.25930728816749,34.94063941877752
37.08534966807864,-122.37849862369909,53.10900994098416
37.996874251845945,-122.30252951014006,51.04016505554375
37.50219501033124,-121.61307509979073,39.1739366999412
37.59538501732004,-121.8541891873448,52.65231308209097
37.067076477388426,-122.21409321076084,41.79979873119102
37.74996047039918,-121.68405306103138,45.9251733451092
37.209905593095584,-121.63863000363656,75.10178135447805
37.898054289440715,-121.65348566130972,70.10691577685522
37.20513964048201,-121.58107346636045,30.506281446086035
37.19068772066367,-122.24775897982664,62.44598626818762
37.03654966784809,-121.74495807125372,62.170948317373885
37.47206694511,-122.03946050272586,32.776050668710724
37.56484113326262,-121.65800144710994,62.28166465632291
37.06570863942835,-121.77150932283838,73.06897877618829
37.77552761669501,-121.72355255350027,33.16182790633379
37.45328883474803,-121.84383816231893,36.237457684786044
37.52439026932758,-122.32257123053029,65.26492200265254
37.440762746938226,-121.95497308110306,54.07242966238472
37.40076306087533,-121.5153302604755,58.27214412859285
37.559640331308216,-121.56261193350288,55.10883824600745
37.15524024593071,-122.45682626420299,55.86043881392216
37.18192813049527,-122.33518518427056,30.102918075333754
37.86178562101352,-122.36827122654543,65.70976559932173
37.94611546213363,-121.7740200900147,67.54384988641661
37.37330931627975,-121.68221467014305,46.559138838979585
37.270744673143554,-122.28648863368933,49.34784575279206
37.64399954323902,-121.99414730704817,27.03338746166417
37.4087341710981,-121.6592969719888,57.71382134026752
37.025386355660345,-121.76719845523375,58.58086162571216
37.15615259736619,-121.95776279450816,49.067134745010335
37.7159722288474,-121.90965230954123,66.86530039805754
37.65892394191015,-121.99163945308372,44.98884153530089
37.02709599250348,-122.20245154868118,58.469088888404
37.221972161932946,-121.93497800714098,34.705034919618264
37.23107479658807,-121.8111146979499,49.64671773688643
37.671892743598725,-121.62667708413919,47.384686131457464
37.019710537754364,-121.86370864602075,53.37961883061412
37.104108581984576,-121.73887846295685,44.45709606749962
37.79991608537319,-122.33992836504542,48.027911064924986
37.178544662054335,-122.03844252558021,62.3907075716226
37.652746107851875,-122.4906683801729,43.44853644142674
37.238182781046724,-122.25332113547837,25.90134348891981
37.099441392759346,-121.773538284887,76.24375856308131
37.24317219099945,-121.50819004865063,70.72181118035729
37.72226693185566,-122.40082190041278,30.616059573415722
37.85569646810629,-122.09850568413871,60.34561707867792
37.83021986456699,-121.69992903130084,42.455378441729856
37.39718352961845,-122.2959643653711,53.952308229965894
37.668085136570646,-121.94491505069772,54.4133619352024
37.20498429541582,-121.76692870397032,46.48388299525517
37.29314773026101,-121.88401454973982,38.24351501620406
37.896335818521116,-122.31197526538459,39.64188421525611
37.013001923510735,-122.14461543131426,36.257121267781365
37.08550853085447,-121.7162082155146,37.522666876543326
37.20788625514603,-121.94577348586799,48.99232564925967
37.02653220387382,-122.49477038645709,39.26360016333872
37.181435435089796,-121.7390092399719,60.2307809856893
37.58304156096969,-122.46468864505977,72.30869233003891
37.4214245505925,-121.75426621726876,41.29920137944936
37.89267171107697,-122.29751943983476,53.591067508030655
37.81744356173844,-121.54192651988062,57.49527665454401
37.34181735169788,-122.13205924869791,57.080034063789114
37.259423433431294,-122.17306838366193,51.139329018741314
37.379692408167266,-122.35111194966755,61.140236275395836
37.59029494251481,-122.19439578450978,57.23373429020986
37.268063640822874,-121.6233492381718,31.43506366509053
37.62414890784913,-121.50366566237275,63.0373409658391
37.40941165219124,-122.13169046949315,63.30936255900113
37.55204718085198,-122.05138936904545,38.550708437321276
37.436126529135315,-121.77792906179727,50.56906753171403
37.294465759541914,-121.61380421953493,60.24993489216604
37.94845330696216,-121.90695566581321,46.86029270630958
37.76360579415976,-122.10847430182217,66.09467071649019
37.14011317576645,-122.08737815915137,85.45808741929042
37.868467975897914,-121.80438185350319,38.210209510475266
37.48743119824951,-122.49678173639572,29.284330952693377
37.89455222689409,-121.88041066254016,54.55727893407314
37.799855255947314,-122.14450698955864,60.823437576892154
37.425213504469234,-121.70580266872291,46.53700439232846
37.02246930832012,-122.40700936017687,71.79890994981551
37.268677359384945,-121.91179773305161,29.920913004151267
37.54163421466087,-122.01902711011388,60.393779345474165
37.633478219826145,-121.85767447409478,40.9120876886166
37.257887685433204,-122.43514640551703,75.79066859310944
37.13935607407282,-121.92001621257187,79.88773029752177
37.8349302367993,-121.93851541204047,38.500151183249784
37.984402180703555,-121.93933990558384,41.7566429613713
37.52569018230268,-121.89651233340355,62.89381830469703
37.171679285848306,-121.82353206277364,44.19304025315728
37.27230732651937,-121.69501100031923,49.318831731016424
37.01839067654747,-122.23017927987179,50.38082630813615
37.9142988065605,-121.67495058981994,21.204902657035156
37.11775108289014,-122.00174431773655,49.79243380858644
37.576516475514254,-122.42294172086567,39.654083389037396
37.2740552206872,-122.44144907075602,42.60315766400342
37.55417800251579,-122.16576168130393,71.65448005203221
37.651420388351866,-121.71510302288853,31.152396585811154
37.8297418037072,-121.79231906525908,62.19807780121966
37.206421271760604,-121.7113850353276,45.81555604502287
37.01099582865848,-121.9827309435584,45.80359747256249
37.136885630068804,-122.05980100204451,61.85557844077567
37.900018641848106,-122.35254747329371,55.10076941853336
37.873890077562514,-122.17180724639069,58.55919495829296
37.59741310217031,-122.06598063382613,64.52276990799291
37.60051686043365,-122.41139957032038,45.030374252250155
37.66503667454626,-122.27938804728879,40.81644898238375
37.17537127862345,-121.90177470593626,33.72274210163303
37.91441194592496,-121.76433688576081,37.61884205031567
37.418770524892075,-121.50165248860705,94.23641637963088
37.383138528249496,-121.56688666865644,68.67019371105181
37.51891770528284,-121.8574348004648,29.73388450687968
37.046965966775055,-122.07875194670592,30.163130648846447
37.166283368756076,-121.86382263529177,57.22799092577737
37.73803361642637,-121.71434838191976,58.2089719606695
37.082798667925125,-122.38166380907661,58.233257529760465
37.603152109466386,-122.09009511030371,46.175663096694535
37.24534910968132,-121.66019771436439,48.118186099956496
37.38929561404198,-122.11616704806696,54.91819286239036
37.288693736770696,-121.92812772877281,51.28839509439996
37.35567271646495,-121.9122306391378,16.71049440878697
37.719045905184245,-122.31552374686636,46.553005541372094
37.29712171562318,-122.13776455834771,37.2289034860953
37.566404640296895,-122.16548871125806,52.62817128362768
37.4760504021991,-122.47380329146793,94.77888503905115
37.66367116536265,-122.47580823610865,55.51222498211457
37.93682973932476,-121.66830295632423,45.297054707414034
37.73257209721025,-122.22692919002719,63.827022529658784
37.214940378590754,-121.98192123376118,57.24031830813819
37.03118313506128,-122.20127442641123,56.30141735677762
37.262264044299826,-121.55932075488467,59.10275889823507
37.595077930700256,-122.24070324113423,80.84815347244312
37.05142581348425,-122.07034318726106,33.03667347011127
37.49636624720124,-121.62726974951539,57.104481152171815
37.596842848916886,-121.65806643320819,36.10428305027692
37.334243890816964,-122.31389858215373,58.33268969513372
37.77091220374582,-121.69735669020429,36.21970232770858
37.106598253133775,-122.04181311326211,43.73949779592373
37.07513778173581,-122.01703112791465,45.57365128643141
37.7281887562036,-122.36652002758406,64.63725079017064
37.4954913162062,-122.41939848624287,63.77681665913621
37.68840239642773,-121.77206069302623,31.314239353304234
37.434827338603746,-122.0035388476447,50.824011664997734
37.24640203323911,-122.06314929738483,39.35630217876241
37.8191023176742,-121.77049177134761,31.122426339869982
37.79941587896898,-121.7344871010089,46.74474424363444
37.694696470854424,-122.34109183233065,45.3727581731627
37.27214513722996,-121.88977485052236,86.40074729518284
37.59023066686909,-122.36464591772231,56.49439738041044
37.360973896940024,-121.74862491397096,29.33573748868644
37.091582073326634,-121.84304484373286,41.52838993743587
37.917313575462245,-121.54338537891654,65.32074943144097
37.13681863091896,-122.43104198364358,81.32664159304888
37.9502373538208,-122.44294527884874,26.210250316430624
37.44600577295795,-122.2178129253068,21.801134222914325
